week_start,week_end,region,category,marketing_spend,adstock_marketing,email_sends,traffic_organic,traffic_paid,traffic_direct,traffic_total,source_system,grain,available_at
2022-12-26,2023-01-01,East,Apparel,995.34,995.34,1000,1494.9,283.6,21.1,1799.7,ad_platform_export,weekly,2023-01-03 09:00:00
2023-01-02,2023-01-08,East,Apparel,7235.47,2069.171428571429,24000,8007.5,2749.8,419.29999999999995,11176.8,ad_platform_export,weekly,2023-01-10 09:00:00
2023-01-09,2023-01-15,East,Apparel,6719.26,2186.6428571428573,17000,7502.7,2888.0,292.5,10683.2,ad_platform_export,weekly,2023-01-17 09:00:00
2023-01-16,2023-01-22,East,Apparel,7242.52,2239.5814285714287,22000,6788.8,2880.3,363.5,10032.8,ad_platform_export,weekly,2023-01-24 09:00:00
2023-01-23,2023-01-29,East,Apparel,6883.03,2212.6057142857144,19000,5927.3,2845.1,247.4,9020.2,ad_platform_export,weekly,2023-01-31 09:00:00
2023-01-30,2023-02-05,East,Apparel,6989.24,2210.082857142857,23000,5536.7,2927.5,263.5,8727.9,ad_platform_export,weekly,2023-02-07 09:00:00
2023-02-06,2023-02-12,East,Apparel,7256.19,2284.0042857142857,18000,5196.9,3123.4,216.2,8536.3,ad_platform_export,weekly,2023-02-14 09:00:00
2023-02-13,2023-02-19,East,Apparel,17904.8,5004.962857142857,23000,4814.7,3981.9,221.8,9018.3,ad_platform_export,weekly,2023-02-21 09:00:00
2023-02-20,2023-02-26,East,Apparel,12317.64,4558.05,18000,5062.2,3766.7,176.4,9005.2,ad_platform_export,weekly,2023-02-28 09:00:00
2023-02-27,2023-03-05,East,Apparel,7271.92,2336.362857142857,19000,4894.3,2990.0,186.3,8070.5,ad_platform_export,weekly,2023-03-07 09:00:00
2023-03-06,2023-03-12,East,Apparel,7374.67,2352.535714285714,20000,5068.3,3082.9,187.6,8338.8,ad_platform_export,weekly,2023-03-14 09:00:00
2023-03-13,2023-03-19,East,Apparel,7519.12,2367.502857142857,13000,5151.4,2971.4,130.4,8253.2,ad_platform_export,weekly,2023-03-21 09:00:00
2023-03-20,2023-03-26,East,Apparel,7521.86,2386.344285714286,20000,5301.6,3025.9,206.6,8534.0,ad_platform_export,weekly,2023-03-28 09:00:00
2023-03-27,2023-04-02,East,Apparel,7737.83,2445.1614285714286,21000,5226.7,3011.8,225.5,8464.1,ad_platform_export,weekly,2023-04-04 09:00:00
2023-04-03,2023-04-09,East,Apparel,7752.0199999999995,2445.6785714285716,17000,5407.3,2903.8,170.79999999999998,8481.8,ad_platform_export,weekly,2023-04-11 09:00:00
2023-04-10,2023-04-16,East,Apparel,7729.7,2478.664285714286,23000,6232.1,2927.9,231.2,9391.1,ad_platform_export,weekly,2023-04-18 09:00:00
2023-04-17,2023-04-23,East,Apparel,7657.32,2426.815714285714,14000,6496.0,2939.8,138.4,9574.3,ad_platform_export,weekly,2023-04-25 09:00:00
2023-04-24,2023-04-30,East,Apparel,7550.0,2419.4614285714283,25000,5733.5,2969.7,260.1,8963.3,ad_platform_export,weekly,2023-05-02 09:00:00
2023-05-01,2023-05-07,East,Apparel,9926.85,2880.0128571428572,25000,5847.8,3126.9,251.70000000000002,9226.5,ad_platform_export,weekly,2023-05-09 09:00:00
2023-05-08,2023-05-14,East,Apparel,11722.24,3886.9428571428575,27000,6059.2,3644.9,277.5,9981.5,ad_platform_export,weekly,2023-05-16 09:00:00
2023-05-15,2023-05-21,East,Apparel,20315.54,5744.1957142857145,29000,5997.2,3955.0,310.4,10262.5,ad_platform_export,weekly,2023-05-23 09:00:00
2023-05-22,2023-05-28,East,Apparel,14161.8,5185.9914285714285,17000,6047.2,3942.2,174.0,10163.3,ad_platform_export,weekly,2023-05-30 09:00:00
2023-05-29,2023-06-04,East,Apparel,7847.91,2557.1242857142856,22000,6091.9,3019.7,212.0,9323.5,ad_platform_export,weekly,2023-06-06 09:00:00
2023-06-05,2023-06-11,East,Apparel,7900.0199999999995,2529.8214285714284,16000,6334.4,2864.7,160.9,9359.8,ad_platform_export,weekly,2023-06-13 09:00:00
2023-06-12,2023-06-18,East,Apparel,7867.92,2511.5885714285714,22000,6129.7,2739.1,192.1,9060.7,ad_platform_export,weekly,2023-06-20 09:00:00
2023-06-19,2023-06-25,East,Apparel,16651.67,4501.517142857143,18000,6073.6,3499.6000000000004,187.0,9760.3,ad_platform_export,weekly,2023-06-27 09:00:00
2023-06-26,2023-07-02,East,Apparel,21321.829999999998,7069.378571428571,28000,6028.0,4351.7,280.0,10659.8,ad_platform_export,weekly,2023-07-04 09:00:00
2023-07-03,2023-07-09,East,Apparel,7986.76,3003.345714285714,30000,6086.599999999999,3239.7,283.6,9609.7,ad_platform_export,weekly,2023-07-11 09:00:00
2023-07-10,2023-07-16,East,Apparel,7817.82,2491.4071428571433,23000,6034.1,2889.0,238.3,9161.4,ad_platform_export,weekly,2023-07-18 09:00:00
2023-07-17,2023-07-23,East,Apparel,7954.58,2500.452857142857,23000,5860.1,2892.3,215.5,8968.0,ad_platform_export,weekly,2023-07-25 09:00:00
2023-07-24,2023-07-30,East,Apparel,20816.71,5826.808571428572,22000,6160.7,4053.7,222.1,10436.3,ad_platform_export,weekly,2023-08-01 09:00:00
2023-07-31,2023-08-06,East,Apparel,16772.17,5627.515714285714,21000,5922.3,3949.3,219.4,10091.0,ad_platform_export,weekly,2023-08-08 09:00:00
2023-08-07,2023-08-13,East,Apparel,26079.48,7772.4685714285715,19000,5729.4,4592.5,202.89999999999998,10524.5,ad_platform_export,weekly,2023-08-15 09:00:00
2023-08-14,2023-08-20,East,Apparel,7928.65,3530.335714285714,18000,5785.6,3363.6,173.8,9323.0,ad_platform_export,weekly,2023-08-22 09:00:00
2023-08-21,2023-08-27,East,Apparel,28361.43,7464.271428571429,23000,5973.5,4541.1,233.1,10747.8,ad_platform_export,weekly,2023-08-29 09:00:00
2023-08-28,2023-09-03,East,Apparel,30881.17,10100.521428571428,17000,5559.8,4925.1,161.3,10646.1,ad_platform_export,weekly,2023-09-05 09:00:00
2023-09-04,2023-09-10,East,Apparel,19839.7,7244.925714285714,27000,5380.1,4587.0,283.2,10250.2,ad_platform_export,weekly,2023-09-12 09:00:00
2023-09-11,2023-09-17,East,Apparel,7541.31,2704.6042857142857,21000,5408.5,3178.3999999999996,221.3,8808.1,ad_platform_export,weekly,2023-09-19 09:00:00
2023-09-18,2023-09-24,East,Apparel,7569.63,2393.3971428571426,25000,5094.8,2961.1,252.0,8308.0,ad_platform_export,weekly,2023-09-26 09:00:00
2023-09-25,2023-10-01,East,Apparel,7134.9400000000005,2306.7314285714283,20000,5143.7,2852.7,196.7,8193.2,ad_platform_export,weekly,2023-10-03 09:00:00
2023-10-02,2023-10-08,East,Apparel,7143.530000000001,2240.3942857142856,21000,4865.0,2859.5,200.7,7925.1,ad_platform_export,weekly,2023-10-10 09:00:00
2023-10-09,2023-10-15,East,Apparel,7353.63,2330.4528571428573,25000,4862.7,2869.4,243.1,7975.3,ad_platform_export,weekly,2023-10-17 09:00:00
2023-10-16,2023-10-22,East,Apparel,7286.7,2311.4285714285716,30000,4639.2,2769.6,297.0,7705.7,ad_platform_export,weekly,2023-10-24 09:00:00
2023-10-23,2023-10-29,East,Apparel,7287.37,2329.9757142857143,19000,4904.8,2870.5,194.8,7970.3,ad_platform_export,weekly,2023-10-31 09:00:00
2023-10-30,2023-11-05,East,Apparel,7727.76,2433.077142857143,17000,4996.4,2864.4,173.5,8034.4,ad_platform_export,weekly,2023-11-07 09:00:00
2023-11-06,2023-11-12,East,Apparel,7901.620000000001,2474.9,21000,5324.3,2835.4,194.4,8354.1,ad_platform_export,weekly,2023-11-14 09:00:00
2023-11-13,2023-11-19,East,Apparel,7768.9,2507.3985714285714,26000,6391.8,2785.8,265.6,9443.5,ad_platform_export,weekly,2023-11-21 09:00:00
2023-11-20,2023-11-26,East,Apparel,8501.029999999999,2633.9157142857143,15000,6871.6,2781.6,140.4,9793.6,ad_platform_export,weekly,2023-11-28 09:00:00
2023-11-27,2023-12-03,East,Apparel,8474.97,2685.9900000000002,17000,6988.2,2888.0,185.0,10061.2,ad_platform_export,weekly,2023-12-05 09:00:00
2023-12-04,2023-12-10,East,Apparel,7611.25,2487.578571428571,26000,6220.2,2923.7,259.4,9403.6,ad_platform_export,weekly,2023-12-12 09:00:00
2023-12-11,2023-12-17,East,Apparel,7331.14,2341.2400000000002,12000,5273.1,2837.1,121.80000000000001,8231.9,ad_platform_export,weekly,2023-12-19 09:00:00
2023-12-18,2023-12-24,East,Apparel,7066.5,2252.1785714285716,22000,4572.1,2942.7,216.6,7731.3,ad_platform_export,weekly,2023-12-26 09:00:00
2023-12-25,2023-12-31,East,Apparel,18639.89,4892.905714285714,22000,4349.9,3786.3,223.4,8359.5,ad_platform_export,weekly,2024-01-02 09:00:00
2024-01-01,2024-01-07,East,Apparel,22819.12,7675.704285714286,16000,4248.7,4528.6,166.5,8943.7,ad_platform_export,weekly,2024-01-09 09:00:00
2024-01-08,2024-01-14,East,Apparel,22898.74,6852.905714285715,19000,4335.9,4757.1,193.0,9285.9,ad_platform_export,weekly,2024-01-16 09:00:00
2024-01-15,2024-01-21,East,Apparel,12815.900000000001,4938.952857142857,16000,4485.6,3900.9,145.1,8531.6,ad_platform_export,weekly,2024-01-23 09:00:00
2024-01-22,2024-01-28,East,Apparel,7049.639999999999,2365.2557142857145,32000,4429.6,3080.0,317.5,7827.2,ad_platform_export,weekly,2024-01-30 09:00:00
2024-01-29,2024-02-04,East,Apparel,7319.71,2318.3971428571426,24000,4377.7,2980.9,234.3,7592.9,ad_platform_export,weekly,2024-02-06 09:00:00
2024-02-05,2024-02-11,East,Apparel,7337.04,2316.214285714286,19000,4598.6,3000.0,187.0,7785.6,ad_platform_export,weekly,2024-02-13 09:00:00
2024-02-12,2024-02-18,East,Apparel,7089.71,2261.4385714285713,22000,4757.3,3001.4,217.8,7976.3,ad_platform_export,weekly,2024-02-20 09:00:00
2024-02-19,2024-02-25,East,Apparel,7382.08,2329.924285714286,28000,4557.7,2947.3,265.7,7770.799999999999,ad_platform_export,weekly,2024-02-27 09:00:00
2024-02-26,2024-03-03,East,Apparel,7109.0,2287.2,21000,4897.9,2905.2,206.9,8010.0,ad_platform_export,weekly,2024-03-05 09:00:00
2024-03-04,2024-03-10,East,Apparel,7416.87,2310.8399999999997,22000,5017.2,3032.3,217.2,8266.6,ad_platform_export,weekly,2024-03-12 09:00:00
2024-03-11,2024-03-17,East,Apparel,7446.69,2396.554285714286,24000,5221.9,3022.8,242.3,8487.1,ad_platform_export,weekly,2024-03-19 09:00:00
2024-03-18,2024-03-24,East,Apparel,7518.63,2352.2514285714287,14000,5151.5,2917.9,133.8,8203.0,ad_platform_export,weekly,2024-03-26 09:00:00
2024-03-25,2024-03-31,East,Apparel,7225.83,2329.285714285714,29000,5317.3,2944.2,299.1,8560.6,ad_platform_export,weekly,2024-04-02 09:00:00
2024-04-01,2024-04-07,East,Apparel,13490.04,3644.184285714286,20000,5598.0,3485.5,201.5,9285.0,ad_platform_export,weekly,2024-04-09 09:00:00
2024-04-08,2024-04-14,East,Apparel,21254.1,6619.667142857143,18000,5722.2,4506.3,178.9,10407.3,ad_platform_export,weekly,2024-04-16 09:00:00
2024-04-15,2024-04-21,East,Apparel,7971.150000000001,3238.3300000000004,26000,5592.8,3391.7,269.6,9253.9,ad_platform_export,weekly,2024-04-23 09:00:00
2024-04-22,2024-04-28,East,Apparel,7642.530000000001,2448.0442857142857,22000,5569.8,2911.5,197.7,8679.0,ad_platform_export,weekly,2024-04-30 09:00:00
2024-04-29,2024-05-05,East,Apparel,8848.119999999999,2634.13,14000,5899.4,2988.6,134.1,9022.2,ad_platform_export,weekly,2024-05-07 09:00:00
2024-05-06,2024-05-12,East,Apparel,13220.25,4239.095714285714,27000,6009.6,3814.9,256.7,10081.2,ad_platform_export,weekly,2024-05-14 09:00:00
2024-05-13,2024-05-19,East,Apparel,7847.549999999999,2612.7885714285717,13000,6500.1,3015.1,130.8,9645.9,ad_platform_export,weekly,2024-05-21 09:00:00
2024-05-20,2024-05-26,East,Apparel,7998.12,2539.671428571429,15000,5910.0,3003.0,148.1,9061.1,ad_platform_export,weekly,2024-05-28 09:00:00
2024-05-27,2024-06-02,East,Apparel,16956.86,4722.727142857142,10000,6083.2,3743.0,97.2,9923.6,ad_platform_export,weekly,2024-06-04 09:00:00
2024-06-03,2024-06-09,East,Apparel,19699.9,6174.748571428571,30000,6089.9,4341.0,309.2,10740.1,ad_platform_export,weekly,2024-06-11 09:00:00
2024-06-10,2024-06-16,East,Apparel,29707.260000000002,8971.701428571429,28000,6129.1,4740.3,290.0,11159.7,ad_platform_export,weekly,2024-06-18 09:00:00
2024-06-17,2024-06-23,East,Apparel,17357.15,6610.584285714286,24000,6409.9,4263.8,236.5,10909.8,ad_platform_export,weekly,2024-06-25 09:00:00
2024-06-24,2024-06-30,East,Apparel,7696.2,2573.902857142857,15000,6221.1,2944.4,147.2,9312.8,ad_platform_export,weekly,2024-07-02 09:00:00
2024-07-01,2024-07-07,East,Apparel,11552.76,3013.0185714285712,21000,5869.5,3168.8,211.0,9249.3,ad_platform_export,weekly,2024-07-09 09:00:00
2024-07-08,2024-07-14,East,Apparel,25429.63,8302.45,20000,6043.4,4597.7,191.0,10832.2,ad_platform_export,weekly,2024-07-16 09:00:00
2024-07-15,2024-07-21,East,Apparel,7630.19,2835.89,21000,6040.7,3075.7,199.8,9316.4,ad_platform_export,weekly,2024-07-23 09:00:00
2024-07-22,2024-07-28,East,Apparel,8010.48,2535.4700000000003,18000,6061.1,3013.8,187.7,9262.4,ad_platform_export,weekly,2024-07-30 09:00:00
2024-07-29,2024-08-04,East,Apparel,31874.28,8602.231428571427,19000,6141.6,4485.3,189.0,10815.9,ad_platform_export,weekly,2024-08-06 09:00:00
2024-08-05,2024-08-11,East,Apparel,27528.37,9800.152857142859,27000,5819.3,4667.3,263.9,10750.5,ad_platform_export,weekly,2024-08-13 09:00:00
2024-08-12,2024-08-18,East,Apparel,12950.16,4384.552857142858,27000,5819.0,3935.5,270.9,10025.5,ad_platform_export,weekly,2024-08-20 09:00:00
2024-08-19,2024-08-25,East,Apparel,8034.99,2716.8928571428573,24000,5639.0,2914.2,247.3,8800.4,ad_platform_export,weekly,2024-08-27 09:00:00
2024-08-26,2024-09-01,East,Apparel,15523.05,4350.634285714285,19000,5590.2,3732.1,177.9,9500.0,ad_platform_export,weekly,2024-09-03 09:00:00
2024-09-02,2024-09-08,East,Apparel,15429.34,4929.131428571428,17000,5510.9,4036.8,150.2,9697.8,ad_platform_export,weekly,2024-09-10 09:00:00
2024-09-09,2024-09-15,East,Apparel,25093.43,7909.821428571428,17000,5405.9,4682.9,168.8,10257.6,ad_platform_export,weekly,2024-09-17 09:00:00
2024-09-16,2024-09-22,East,Apparel,7484.84,2988.485714285714,26000,5321.4,3230.2,255.6,8807.1,ad_platform_export,weekly,2024-09-24 09:00:00
2024-09-23,2024-09-29,East,Apparel,7135.43,2305.247142857143,19000,5129.8,2840.2,181.0,8151.299999999999,ad_platform_export,weekly,2024-10-01 09:00:00
2024-09-30,2024-10-06,East,Apparel,7771.59,2431.531428571429,23000,4917.5,2992.7,235.1,8145.2,ad_platform_export,weekly,2024-10-08 09:00:00
2024-10-07,2024-10-13,East,Apparel,7424.5,2366.7028571428573,22000,4871.5,3083.2,218.5,8173.2,ad_platform_export,weekly,2024-10-15 09:00:00
2024-10-14,2024-10-20,East,Apparel,7347.42,2331.787142857143,28000,4755.2,2973.9,273.8,8003.1,ad_platform_export,weekly,2024-10-22 09:00:00
2024-10-21,2024-10-27,East,Apparel,14224.25,3793.218571428571,19000,4918.2,3632.4,189.20000000000002,8740.0,ad_platform_export,weekly,2024-10-29 09:00:00
2024-10-28,2024-11-03,East,Apparel,43544.34,12354.562857142857,25000,5197.9,5113.9,248.3,10560.2,ad_platform_export,weekly,2024-11-05 09:00:00
2024-11-04,2024-11-10,East,Apparel,17871.09,7713.948571428571,26000,5574.0,4496.2,261.5,10331.7,ad_platform_export,weekly,2024-11-12 09:00:00
2024-11-11,2024-11-17,East,Apparel,8049.26,2659.0185714285717,19000,6414.4,2991.7,197.8,9603.8,ad_platform_export,weekly,2024-11-19 09:00:00
2024-11-18,2024-11-24,East,Apparel,8372.72,2671.441428571429,27000,7118.2,2871.2,247.1,10236.7,ad_platform_export,weekly,2024-11-26 09:00:00
2024-11-25,2024-12-01,East,Apparel,8470.99,2713.447142857143,24000,7251.6,2939.9,245.8,10437.5,ad_platform_export,weekly,2024-12-03 09:00:00
2024-12-02,2024-12-08,East,Apparel,8441.04,2655.281428571429,17000,6310.9,3009.6,182.8,9503.3,ad_platform_export,weekly,2024-12-10 09:00:00
2024-12-09,2024-12-15,East,Apparel,7574.52,2474.9957142857143,22000,5255.2,2987.9,225.0,8468.1,ad_platform_export,weekly,2024-12-17 09:00:00
2024-12-16,2024-12-22,East,Apparel,7453.31,2349.8971428571426,24000,4556.0,2992.6,247.6,7796.5,ad_platform_export,weekly,2024-12-24 09:00:00
2024-12-23,2024-12-29,East,Apparel,7040.8,2258.4785714285713,22000,4485.8,2922.4,209.5,7617.7,ad_platform_export,weekly,2024-12-31 09:00:00
2024-12-30,2025-01-05,East,Apparel,861.55,2064.58,5000,533.0,375.6,50.6,959.3,ad_platform_export,weekly,2025-01-07 09:00:00
2024-11-25,2024-12-01,East,Beauty,332.87,332.87,1217,728.3,231.5,49.4,1009.2,ad_platform_export,weekly,2024-12-03 09:00:00
2024-12-02,2024-12-08,East,Beauty,2330.09,332.87,6950,6169.4,1481.0,291.7,7942.0,ad_platform_export,weekly,2024-12-10 09:00:00
2024-12-09,2024-12-15,East,Beauty,2330.09,332.87,6350,5451.2,1470.4,295.5,7217.4,ad_platform_export,weekly,2024-12-17 09:00:00
2024-12-16,2024-12-22,East,Beauty,2330.09,332.87,8049,5649.8,1455.1,303.9,7408.5,ad_platform_export,weekly,2024-12-24 09:00:00
2024-12-23,2024-12-29,East,Beauty,2330.09,332.87,7010,6124.7,1271.7,282.2,7678.6,ad_platform_export,weekly,2024-12-31 09:00:00
2024-12-30,2025-01-05,East,Beauty,332.87,332.87,749,721.1,245.2,43.8,1010.1,ad_platform_export,weekly,2025-01-07 09:00:00
2022-12-26,2023-01-01,East,Electronics,676.0,676.0,4000,732.0,118.9,92.5,943.3,ad_platform_export,weekly,2023-01-03 09:00:00
2023-01-02,2023-01-08,East,Electronics,4436.27,1275.5314285714285,22000,4973.6,1485.5,430.9,6890.0,ad_platform_export,weekly,2023-01-10 09:00:00
2023-01-09,2023-01-15,East,Electronics,4455.599999999999,1416.1814285714286,21000,4115.7,1578.5,325.9,6020.0,ad_platform_export,weekly,2023-01-17 09:00:00
2023-01-16,2023-01-22,East,Electronics,4523.52,1440.5442857142857,12000,3709.8,1521.9,164.5,5396.1,ad_platform_export,weekly,2023-01-24 09:00:00
2023-01-23,2023-01-29,East,Electronics,4552.11,1437.4642857142858,21000,3506.3,1654.6000000000001,252.39999999999998,5413.4,ad_platform_export,weekly,2023-01-31 09:00:00
2023-01-30,2023-02-05,East,Electronics,4805.66,1516.9485714285713,13000,3071.2,1682.7,145.8,4899.8,ad_platform_export,weekly,2023-02-07 09:00:00
2023-02-06,2023-02-12,East,Electronics,4600.3,1449.5342857142857,19000,2799.4,1632.8,198.6,4630.8,ad_platform_export,weekly,2023-02-14 09:00:00
2023-02-13,2023-02-19,East,Electronics,4787.99,1535.652857142857,27000,2857.9,1740.1,275.8,4873.8,ad_platform_export,weekly,2023-02-21 09:00:00
2023-02-20,2023-02-26,East,Electronics,10164.77,2826.7157142857145,12000,3055.1,2479.7,120.9,5655.5,ad_platform_export,weekly,2023-02-28 09:00:00
2023-02-27,2023-03-05,East,Electronics,9250.99,3260.707142857143,16000,3192.3,2531.7,171.8,5896.0,ad_platform_export,weekly,2023-03-07 09:00:00
2023-03-06,2023-03-12,East,Electronics,19542.9,5453.658571428571,22000,3150.7000000000003,3486.8,230.1,6867.700000000001,ad_platform_export,weekly,2023-03-14 09:00:00
2023-03-13,2023-03-19,East,Electronics,8938.3,3612.8685714285716,26000,3037.1,2740.8,259.3,6037.099999999999,ad_platform_export,weekly,2023-03-21 09:00:00
2023-03-20,2023-03-26,East,Electronics,4933.34,1585.3428571428572,20000,3202.8,1713.9,211.2,5127.8,ad_platform_export,weekly,2023-03-28 09:00:00
2023-03-27,2023-04-02,East,Electronics,4804.75,1546.8771428571429,15000,3296.7,1611.2,140.2,5048.2,ad_platform_export,weekly,2023-04-04 09:00:00
2023-04-03,2023-04-09,East,Electronics,8873.869999999999,2452.5042857142857,17000,3362.0,2163.8,178.7,5704.5,ad_platform_export,weekly,2023-04-11 09:00:00
2023-04-10,2023-04-16,East,Electronics,9883.31,3374.8528571428574,25000,3571.5,2710.2,224.60000000000002,6506.3,ad_platform_export,weekly,2023-04-18 09:00:00
2023-04-17,2023-04-23,East,Electronics,4976.63,1691.1442857142858,19000,3602.3,1723.7,191.9,5517.6,ad_platform_export,weekly,2023-04-25 09:00:00
2023-04-24,2023-04-30,East,Electronics,5040.05,1598.4842857142855,26000,3493.4,1694.1,258.1,5445.8,ad_platform_export,weekly,2023-05-02 09:00:00
2023-05-01,2023-05-07,East,Electronics,5094.05,1628.2157142857143,28000,3630.1,1651.0,303.4,5584.8,ad_platform_export,weekly,2023-05-09 09:00:00
2023-05-08,2023-05-14,East,Electronics,5852.24,1705.9771428571428,14000,3753.0,1688.3,130.6,5572.2,ad_platform_export,weekly,2023-05-16 09:00:00
2023-05-15,2023-05-21,East,Electronics,10930.369999999999,3294.858571428572,21000,3730.8999999999996,2751.0,218.5,6700.5,ad_platform_export,weekly,2023-05-23 09:00:00
2023-05-22,2023-05-28,East,Electronics,12477.5,3939.1028571428574,26000,3784.5,2852.6,259.1,6896.3,ad_platform_export,weekly,2023-05-30 09:00:00
2023-05-29,2023-06-04,East,Electronics,6793.32,2481.8657142857146,22000,3902.2,2189.0,219.1,6310.3,ad_platform_export,weekly,2023-06-06 09:00:00
2023-06-05,2023-06-11,East,Electronics,5281.51,1690.1200000000001,25000,3812.0,1703.0,246.1,5761.1,ad_platform_export,weekly,2023-06-13 09:00:00
2023-06-12,2023-06-18,East,Electronics,5312.89,1677.7242857142858,23000,3864.5,1585.2,225.2,5674.8,ad_platform_export,weekly,2023-06-20 09:00:00
2023-06-19,2023-06-25,East,Electronics,5023.68,1614.412857142857,21000,3775.7,1688.3,197.1,5661.2,ad_platform_export,weekly,2023-06-27 09:00:00
2023-06-26,2023-07-02,East,Electronics,5230.38,1640.8685714285714,22000,3733.7,1723.3,218.5,5675.4,ad_platform_export,weekly,2023-07-04 09:00:00
2023-07-03,2023-07-09,East,Electronics,6437.62,1865.7757142857142,19000,3823.1,1755.6,187.2,5765.9,ad_platform_export,weekly,2023-07-11 09:00:00
2023-07-10,2023-07-16,East,Electronics,11401.41,3284.867142857143,23000,3681.7,2669.5,244.8,6596.1,ad_platform_export,weekly,2023-07-18 09:00:00
2023-07-17,2023-07-23,East,Electronics,15837.02,4991.9971428571425,18000,3688.3,3309.9,173.3,7171.5,ad_platform_export,weekly,2023-07-25 09:00:00
2023-07-24,2023-07-30,East,Electronics,4914.5599999999995,2137.7014285714286,24000,3696.7,1906.5,227.10000000000002,5830.4,ad_platform_export,weekly,2023-08-01 09:00:00
2023-07-31,2023-08-06,East,Electronics,25489.64,7202.858571428572,15000,3577.5,3839.3,143.8,7560.5,ad_platform_export,weekly,2023-08-08 09:00:00
2023-08-07,2023-08-13,East,Electronics,13591.84,4697.487142857143,25000,3624.6,3131.1,244.7,7000.6,ad_platform_export,weekly,2023-08-15 09:00:00
2023-08-14,2023-08-20,East,Electronics,12010.01,3777.2357142857145,20000,3576.9,2948.7,194.1,6719.5,ad_platform_export,weekly,2023-08-22 09:00:00
2023-08-21,2023-08-27,East,Electronics,10491.13,3764.162857142857,21000,3447.6,2822.7,207.3,6477.8,ad_platform_export,weekly,2023-08-29 09:00:00
2023-08-28,2023-09-03,East,Electronics,4832.1,1629.1442857142858,20000,3382.5,1706.4,206.9,5296.0,ad_platform_export,weekly,2023-09-05 09:00:00
2023-09-04,2023-09-10,East,Electronics,4797.83,1529.0928571428572,22000,3317.7000000000003,1623.4,224.5,5165.6,ad_platform_export,weekly,2023-09-12 09:00:00
2023-09-11,2023-09-17,East,Electronics,4728.28,1519.0157142857145,18000,3314.1000000000004,1654.5,169.2,5137.8,ad_platform_export,weekly,2023-09-19 09:00:00
2023-09-18,2023-09-24,East,Electronics,4956.68,1548.7928571428572,19000,3211.3,1631.8,202.3,5045.5,ad_platform_export,weekly,2023-09-26 09:00:00
2023-09-25,2023-10-01,East,Electronics,4706.11,1509.9557142857143,31000,3151.9,1612.5,301.4,5066.0,ad_platform_export,weekly,2023-10-03 09:00:00
2023-10-02,2023-10-08,East,Electronics,4831.41,1521.3285714285714,17000,2990.3,1575.8,181.5,4747.6,ad_platform_export,weekly,2023-10-10 09:00:00
2023-10-09,2023-10-15,East,Electronics,6308.6,1799.042857142857,19000,3119.7,1868.1,200.6,5188.7,ad_platform_export,weekly,2023-10-17 09:00:00
2023-10-16,2023-10-22,East,Electronics,9400.8,3047.3214285714284,21000,2996.1,2584.4,201.4,5781.9,ad_platform_export,weekly,2023-10-24 09:00:00
2023-10-23,2023-10-29,East,Electronics,4791.76,1674.702857142857,27000,2997.0,1832.4,249.39999999999998,5079.0,ad_platform_export,weekly,2023-10-31 09:00:00
2023-10-30,2023-11-05,East,Electronics,4942.31,1557.847142857143,23000,3011.4,1646.0,245.4,4902.7,ad_platform_export,weekly,2023-11-07 09:00:00
2023-11-06,2023-11-12,East,Electronics,5028.1900000000005,1586.7657142857145,15000,3432.9,1637.4,156.0,5226.2,ad_platform_export,weekly,2023-11-14 09:00:00
2023-11-13,2023-11-19,East,Electronics,5103.18,1615.3971428571426,20000,4013.5,1591.0,210.5,5815.2,ad_platform_export,weekly,2023-11-21 09:00:00
2023-11-20,2023-11-26,East,Electronics,5192.37,1632.4142857142856,16000,4451.1,1510.2,153.6,6114.7,ad_platform_export,weekly,2023-11-28 09:00:00
2023-11-27,2023-12-03,East,Electronics,5576.01,1769.31,13000,4327.0,1684.2,130.6,6141.9,ad_platform_export,weekly,2023-12-05 09:00:00
2023-12-04,2023-12-10,East,Electronics,10009.09,2771.297142857143,19000,3790.0,2294.1,181.9,6266.0,ad_platform_export,weekly,2023-12-12 09:00:00
2023-12-11,2023-12-17,East,Electronics,12467.12,4139.288571428571,22000,3195.8,2992.2,220.4,6408.5,ad_platform_export,weekly,2023-12-19 09:00:00
2023-12-18,2023-12-24,East,Electronics,9648.65,3068.61,26000,2852.4,2594.6,277.2,5724.4,ad_platform_export,weekly,2023-12-26 09:00:00
2023-12-25,2023-12-31,East,Electronics,6669.5,2351.7242857142855,21000,2724.4,2230.0,222.1,5176.4,ad_platform_export,weekly,2024-01-02 09:00:00
2024-01-01,2024-01-07,East,Electronics,9380.03,2649.8557142857144,20000,2692.9,2359.7,213.89999999999998,5266.5,ad_platform_export,weekly,2024-01-09 09:00:00
2024-01-08,2024-01-14,East,Electronics,18997.42,5544.7,26000,2673.7,3514.0,265.0,6452.7,ad_platform_export,weekly,2024-01-16 09:00:00
2024-01-15,2024-01-21,East,Electronics,15449.32,5357.657142857142,24000,2572.4,3450.7,230.79999999999998,6253.8,ad_platform_export,weekly,2024-01-23 09:00:00
2024-01-22,2024-01-28,East,Electronics,4544.43,1829.8014285714287,27000,2804.7,1909.6,254.9,4969.1,ad_platform_export,weekly,2024-01-30 09:00:00
2024-01-29,2024-02-04,East,Electronics,4676.02,1499.6000000000001,20000,2795.1,1705.1,193.4,4693.5,ad_platform_export,weekly,2024-02-06 09:00:00
2024-02-05,2024-02-11,East,Electronics,4647.4,1456.6271428571429,25000,2825.6,1630.8999999999999,233.2,4689.7,ad_platform_export,weekly,2024-02-13 09:00:00
2024-02-12,2024-02-18,East,Electronics,4521.99,1448.1114285714284,22000,2987.2,1631.5,226.0,4844.9,ad_platform_export,weekly,2024-02-20 09:00:00
2024-02-19,2024-02-25,East,Electronics,4539.3,1453.8385714285712,22000,2920.9,1565.6,204.9,4691.3,ad_platform_export,weekly,2024-02-27 09:00:00
2024-02-26,2024-03-03,East,Electronics,4764.360000000001,1497.7014285714286,22000,3100.7,1681.4,210.3,4992.6,ad_platform_export,weekly,2024-03-05 09:00:00
2024-03-04,2024-03-10,East,Electronics,4658.4800000000005,1472.7814285714285,22000,3021.8,1604.2,210.9,4837.0,ad_platform_export,weekly,2024-03-12 09:00:00
2024-03-11,2024-03-17,East,Electronics,4915.7,1535.8085714285714,17000,3187.7,1684.9,153.9,5026.4,ad_platform_export,weekly,2024-03-19 09:00:00
2024-03-18,2024-03-24,East,Electronics,21666.239999999998,5758.022857142858,13000,3247.3,3369.1,129.1,6745.099999999999,ad_platform_export,weekly,2024-03-26 09:00:00
2024-03-25,2024-03-31,East,Electronics,11555.87,4612.657142857142,22000,3317.2,3260.5,224.0,6801.599999999999,ad_platform_export,weekly,2024-04-02 09:00:00
2024-04-01,2024-04-07,East,Electronics,4869.89,1735.847142857143,28000,3422.5,1831.3,276.6,5530.5,ad_platform_export,weekly,2024-04-09 09:00:00
2024-04-08,2024-04-14,East,Electronics,9494.49,2617.452857142857,25000,3512.9,2245.7,256.7,6015.2,ad_platform_export,weekly,2024-04-16 09:00:00
2024-04-15,2024-04-21,East,Electronics,10763.26,3671.3971428571426,16000,3463.5,2781.2,156.1,6400.8,ad_platform_export,weekly,2024-04-23 09:00:00
2024-04-22,2024-04-28,East,Electronics,4774.03,1659.7257142857143,22000,3657.7,1693.7,236.8,5588.099999999999,ad_platform_export,weekly,2024-04-30 09:00:00
2024-04-29,2024-05-05,East,Electronics,5001.38,1582.982857142857,20000,3685.7,1661.6,196.5,5543.9,ad_platform_export,weekly,2024-05-07 09:00:00
2024-05-06,2024-05-12,East,Electronics,5138.21,1628.2242857142858,21000,3702.4,1682.4,215.3,5600.0,ad_platform_export,weekly,2024-05-14 09:00:00
2024-05-13,2024-05-19,East,Electronics,5245.85,1651.3514285714284,19000,3726.1,1657.0,196.1,5579.4,ad_platform_export,weekly,2024-05-21 09:00:00
2024-05-20,2024-05-26,East,Electronics,5065.67,1619.6657142857143,19000,3653.9,1635.4,193.5,5483.1,ad_platform_export,weekly,2024-05-28 09:00:00
2024-05-27,2024-06-02,East,Electronics,5088.84,1612.3942857142858,32000,3716.4,1656.9,307.59999999999997,5680.8,ad_platform_export,weekly,2024-06-04 09:00:00
2024-06-03,2024-06-09,East,Electronics,9545.89,2715.887142857143,25000,3724.3,2261.1,241.7,6227.1,ad_platform_export,weekly,2024-06-11 09:00:00
2024-06-10,2024-06-16,East,Electronics,5870.93,2161.2799999999997,29000,3949.5,1974.8,288.1,6212.4,ad_platform_export,weekly,2024-06-18 09:00:00
2024-06-17,2024-06-23,East,Electronics,5300.93,1693.3114285714287,24000,3825.6000000000004,1642.1,238.3,5706.0,ad_platform_export,weekly,2024-06-25 09:00:00
2024-06-24,2024-06-30,East,Electronics,5286.38,1683.222857142857,23000,3718.6000000000004,1672.6,223.3,5614.6,ad_platform_export,weekly,2024-07-02 09:00:00
2024-07-01,2024-07-07,East,Electronics,5122.2300000000005,1628.782857142857,17000,3783.6000000000004,1594.9,172.5,5551.0,ad_platform_export,weekly,2024-07-09 09:00:00
2024-07-08,2024-07-14,East,Electronics,18660.93,4713.360000000001,20000,3606.2,2955.2,213.1,6774.5,ad_platform_export,weekly,2024-07-16 09:00:00
2024-07-15,2024-07-21,East,Electronics,36587.71,11000.115714285714,23000,3732.6000000000004,3758.6000000000004,228.5,7719.9,ad_platform_export,weekly,2024-07-23 09:00:00
2024-07-22,2024-07-28,East,Electronics,16455.36,6709.75,19000,3707.6,2854.2,181.89999999999998,6743.7,ad_platform_export,weekly,2024-07-30 09:00:00
2024-07-29,2024-08-04,East,Electronics,5886.3,2190.055714285714,25000,3505.9,1686.5,249.5,5441.9,ad_platform_export,weekly,2024-08-06 09:00:00
2024-08-05,2024-08-11,East,Electronics,4985.96,1617.1614285714288,17000,3515.4,1605.7,158.4,5279.1,ad_platform_export,weekly,2024-08-13 09:00:00
2024-08-12,2024-08-18,East,Electronics,4930.53,1565.0757142857144,19000,3567.8,1577.6,185.2,5330.7,ad_platform_export,weekly,2024-08-20 09:00:00
2024-08-19,2024-08-25,East,Electronics,4932.0599999999995,1562.6157142857141,24000,3547.0,1692.1,232.0,5471.2,ad_platform_export,weekly,2024-08-27 09:00:00
2024-08-26,2024-09-01,East,Electronics,4899.06,1557.9542857142858,25000,3494.6000000000004,1646.9,264.7,5406.4,ad_platform_export,weekly,2024-09-03 09:00:00
2024-09-02,2024-09-08,East,Electronics,4805.34,1529.2285714285715,25000,3301.8,1610.7,240.4,5152.9,ad_platform_export,weekly,2024-09-10 09:00:00
2024-09-09,2024-09-15,East,Electronics,4717.52,1508.6214285714286,17000,3381.9,1605.8,172.4,5159.8,ad_platform_export,weekly,2024-09-17 09:00:00
2024-09-16,2024-09-22,East,Electronics,4950.18,1550.3671428571429,17000,3189.8,1656.5,175.1,5021.4,ad_platform_export,weekly,2024-09-24 09:00:00
2024-09-23,2024-09-29,East,Electronics,4857.09,1539.1485714285716,20000,3138.9,1709.3,197.5,5045.5,ad_platform_export,weekly,2024-10-01 09:00:00
2024-09-30,2024-10-06,East,Electronics,4450.530000000001,1440.8628571428574,22000,3053.0,1576.6,219.0,4848.7,ad_platform_export,weekly,2024-10-08 09:00:00
2024-10-07,2024-10-13,East,Electronics,4584.14,1469.054285714286,30000,3015.7,1625.0,277.9,4918.6,ad_platform_export,weekly,2024-10-15 09:00:00
2024-10-14,2024-10-20,East,Electronics,4628.54,1445.2100000000003,23000,2948.7,1563.7,230.6,4742.9,ad_platform_export,weekly,2024-10-22 09:00:00
2024-10-21,2024-10-27,East,Electronics,4470.41,1428.6085714285714,27000,2944.4,1549.1,262.0,4755.6,ad_platform_export,weekly,2024-10-29 09:00:00
2024-10-28,2024-11-03,East,Electronics,4786.54,1504.0685714285714,16000,3077.4,1657.2,166.8,4901.2,ad_platform_export,weekly,2024-11-05 09:00:00
2024-11-04,2024-11-10,East,Electronics,5054.23,1582.1671428571428,20000,3502.1,1663.9,188.9,5354.8,ad_platform_export,weekly,2024-11-12 09:00:00
2024-11-11,2024-11-17,East,Electronics,5224.18,1661.4585714285713,17000,3950.0,1615.3,171.4,5736.6,ad_platform_export,weekly,2024-11-19 09:00:00
2024-11-18,2024-11-24,East,Electronics,12565.099999999999,3354.65,18000,4337.8,2503.8,186.0,7027.8,ad_platform_export,weekly,2024-11-26 09:00:00
2024-11-25,2024-12-01,East,Electronics,17710.41,5549.327142857143,20000,4179.2,3398.8,210.6,7788.6,ad_platform_export,weekly,2024-12-03 09:00:00
2024-12-02,2024-12-08,East,Electronics,5141.15,2334.1485714285714,25000,3953.8,1976.8,254.3,6184.8,ad_platform_export,weekly,2024-12-10 09:00:00
2024-12-09,2024-12-15,East,Electronics,5050.68,1624.3628571428574,28000,3333.6,1757.1,268.6,5359.2,ad_platform_export,weekly,2024-12-17 09:00:00
2024-12-16,2024-12-22,East,Electronics,4448.889999999999,1431.4071428571428,14000,2908.1,1564.4,140.3,4612.9,ad_platform_export,weekly,2024-12-24 09:00:00
2024-12-23,2024-12-29,East,Electronics,4770.48,1499.2157142857143,20000,2666.7,1703.1,204.10000000000002,4573.9,ad_platform_export,weekly,2024-12-31 09:00:00
2024-12-30,2025-01-05,East,Electronics,651.9,1483.77,0,326.0,238.9,0.0,564.9,ad_platform_export,weekly,2025-01-07 09:00:00
2022-12-26,2023-01-01,East,Home,671.99,671.99,2000,955.0,112.5,43.3,1110.7,ad_platform_export,weekly,2023-01-03 09:00:00
2023-01-02,2023-01-08,East,Home,5530.78,1578.1571428571428,39000,6344.0,1556.1,748.1,8648.2,ad_platform_export,weekly,2023-01-10 09:00:00
2023-01-09,2023-01-15,East,Home,14650.779999999999,3836.4014285714284,20000,5833.7,2457.4,340.2,8631.1,ad_platform_export,weekly,2023-01-17 09:00:00
2023-01-16,2023-01-22,East,Home,14766.08,5334.707142857143,16000,5264.6,2797.3,231.3,8293.3,ad_platform_export,weekly,2023-01-24 09:00:00
2023-01-23,2023-01-29,East,Home,16541.95,4799.131428571428,20000,4755.3,2972.7,299.8,8027.7,ad_platform_export,weekly,2023-01-31 09:00:00
2023-01-30,2023-02-05,East,Home,11701.01,4226.608571428572,20000,4373.5,2717.8,251.8,7343.0,ad_platform_export,weekly,2023-02-07 09:00:00
2023-02-06,2023-02-12,East,Home,5347.82,1791.9971428571428,26000,4403.6,1695.0,337.6,6436.2,ad_platform_export,weekly,2023-02-14 09:00:00
2023-02-13,2023-02-19,East,Home,5700.77,1790.787142857143,33000,4014.9,1713.9,359.9,6088.9,ad_platform_export,weekly,2023-02-21 09:00:00
2023-02-20,2023-02-26,East,Home,5892.68,1864.42,27000,3592.0,1757.3,279.7,5629.2,ad_platform_export,weekly,2023-02-28 09:00:00
2023-02-27,2023-03-05,East,Home,5651.48,1812.517142857143,24000,3732.5,1763.3,240.0,5735.8,ad_platform_export,weekly,2023-03-07 09:00:00
2023-03-06,2023-03-12,East,Home,5914.08,1881.6000000000001,20000,3772.4,1713.1,196.9,5682.3,ad_platform_export,weekly,2023-03-14 09:00:00
2023-03-13,2023-03-19,East,Home,5832.05,1842.2,21000,3953.7,1655.9,194.0,5803.7,ad_platform_export,weekly,2023-03-21 09:00:00
2023-03-20,2023-03-26,East,Home,8733.95,2561.9542857142856,23000,4000.6,2158.8,226.70000000000002,6386.0,ad_platform_export,weekly,2023-03-28 09:00:00
2023-03-27,2023-04-02,East,Home,8313.74,2807.307142857143,11000,4022.6000000000004,2210.6,103.9,6337.1,ad_platform_export,weekly,2023-04-04 09:00:00
2023-04-03,2023-04-09,East,Home,5875.6,1896.9428571428573,26000,4285.5,1733.6,266.0,6285.2,ad_platform_export,weekly,2023-04-11 09:00:00
2023-04-10,2023-04-16,East,Home,6251.39,1975.0757142857144,19000,4232.8,1787.3,200.5,6220.4,ad_platform_export,weekly,2023-04-18 09:00:00
2023-04-17,2023-04-23,East,Home,6149.33,1935.75,28000,4194.0,1658.6,281.9,6134.3,ad_platform_export,weekly,2023-04-25 09:00:00
2023-04-24,2023-04-30,East,Home,10385.73,3048.8542857142857,15000,4505.2,2264.8,160.2,6930.400000000001,ad_platform_export,weekly,2023-05-02 09:00:00
2023-05-01,2023-05-07,East,Home,6687.39,2400.8214285714284,17000,4529.6,1926.1999999999998,173.2,6629.1,ad_platform_export,weekly,2023-05-09 09:00:00
2023-05-08,2023-05-14,East,Home,10935.55,3025.468571428571,23000,4433.9,2137.7,243.0,6814.8,ad_platform_export,weekly,2023-05-16 09:00:00
2023-05-15,2023-05-21,East,Home,8713.8,3177.805714285714,13000,4564.5,2202.5,127.2,6894.2,ad_platform_export,weekly,2023-05-23 09:00:00
2023-05-22,2023-05-28,East,Home,6417.02,2048.9814285714283,17000,4694.7,1700.4,159.8,6555.2,ad_platform_export,weekly,2023-05-30 09:00:00
2023-05-29,2023-06-04,East,Home,6236.86,1977.3971428571429,14000,4650.0,1686.9,147.8,6484.8,ad_platform_export,weekly,2023-06-06 09:00:00
2023-06-05,2023-06-11,East,Home,6281.4,1994.2571428571428,17000,4645.4,1717.9,176.3,6540.0,ad_platform_export,weekly,2023-06-13 09:00:00
2023-06-12,2023-06-18,East,Home,6521.9,2059.337142857143,23000,4739.1,1852.4,236.0,6827.6,ad_platform_export,weekly,2023-06-20 09:00:00
2023-06-19,2023-06-25,East,Home,6320.89,2014.8014285714287,18000,4646.3,1736.9,193.6,6576.7,ad_platform_export,weekly,2023-06-27 09:00:00
2023-06-26,2023-07-02,East,Home,6323.71,2026.6114285714284,23000,4750.4,1753.3,232.6,6736.4,ad_platform_export,weekly,2023-07-04 09:00:00
2023-07-03,2023-07-09,East,Home,6122.39,1945.8814285714286,27000,4744.5,1765.4,260.4,6770.4,ad_platform_export,weekly,2023-07-11 09:00:00
2023-07-10,2023-07-16,East,Home,6213.82,1978.8671428571429,27000,4785.7,1682.6,281.4,6749.8,ad_platform_export,weekly,2023-07-18 09:00:00
2023-07-17,2023-07-23,East,Home,6321.03,1987.672857142857,20000,4536.7,1718.4,200.6,6455.5,ad_platform_export,weekly,2023-07-25 09:00:00
2023-07-24,2023-07-30,East,Home,6231.57,1967.7328571428573,24000,4524.6,1749.6,242.8,6516.9,ad_platform_export,weekly,2023-08-01 09:00:00
2023-07-31,2023-08-06,East,Home,6080.83,1959.2571428571428,20000,4290.9,1707.3,198.89999999999998,6197.0,ad_platform_export,weekly,2023-08-08 09:00:00
2023-08-07,2023-08-13,East,Home,7650.08,2160.1428571428573,23000,4471.0,1807.1,229.1,6507.3,ad_platform_export,weekly,2023-08-15 09:00:00
2023-08-14,2023-08-20,East,Home,15293.55,4782.664285714286,22000,4380.4,2813.6,226.0,7419.9,ad_platform_export,weekly,2023-08-22 09:00:00
2023-08-21,2023-08-27,East,Home,5877.21,2214.1814285714286,18000,4220.8,1813.5,172.1,6206.4,ad_platform_export,weekly,2023-08-29 09:00:00
2023-08-28,2023-09-03,East,Home,5941.28,1884.6842857142858,17000,4175.9,1717.5,168.5,6061.9,ad_platform_export,weekly,2023-09-05 09:00:00
2023-09-04,2023-09-10,East,Home,10705.3,2982.9557142857143,25000,4125.7,2205.2,261.4,6592.2,ad_platform_export,weekly,2023-09-12 09:00:00
2023-09-11,2023-09-17,East,Home,8325.4,3019.4914285714285,16000,4051.5,2097.0,160.2,6308.8,ad_platform_export,weekly,2023-09-19 09:00:00
2023-09-18,2023-09-24,East,Home,5838.01,1895.9085714285716,28000,3932.1000000000004,1769.5,266.0,5967.5,ad_platform_export,weekly,2023-09-26 09:00:00
2023-09-25,2023-10-01,East,Home,5770.43,1820.2957142857142,18000,3919.0,1709.5,187.5,5815.9,ad_platform_export,weekly,2023-10-03 09:00:00
2023-10-02,2023-10-08,East,Home,5706.53,1824.1757142857143,29000,3866.6,1717.5,283.1,5867.1,ad_platform_export,weekly,2023-10-10 09:00:00
2023-10-09,2023-10-15,East,Home,5526.49,1774.422857142857,14000,3684.4,1690.6,136.9,5512.1,ad_platform_export,weekly,2023-10-17 09:00:00
2023-10-16,2023-10-22,East,Home,5669.94,1785.8757142857144,13000,3596.7,1691.4,119.0,5407.2,ad_platform_export,weekly,2023-10-24 09:00:00
2023-10-23,2023-10-29,East,Home,5504.09,1755.74,27000,3585.7,1676.1,276.1,5538.0,ad_platform_export,weekly,2023-10-31 09:00:00
2023-10-30,2023-11-05,East,Home,5753.26,1810.314285714286,27000,3885.6,1682.9,259.1,5827.4,ad_platform_export,weekly,2023-11-07 09:00:00
2023-11-06,2023-11-12,East,Home,5958.37,1882.4242857142856,17000,4065.8,1698.9,166.7,5931.4,ad_platform_export,weekly,2023-11-14 09:00:00
2023-11-13,2023-11-19,East,Home,6433.39,2007.0728571428572,26000,4884.2,1687.2,258.1,6829.6,ad_platform_export,weekly,2023-11-21 09:00:00
2023-11-20,2023-11-26,East,Home,15493.85,4277.102857142857,31000,5546.3,2473.3,281.0,8300.8,ad_platform_export,weekly,2023-11-28 09:00:00
2023-11-27,2023-12-03,East,Home,17226.25,5699.214285714285,23000,5203.3,2861.3,227.6,8292.2,ad_platform_export,weekly,2023-12-05 09:00:00
2023-12-04,2023-12-10,East,Home,18822.35,5888.394285714286,40000,4474.5,2945.8,385.2,7805.5,ad_platform_export,weekly,2023-12-12 09:00:00
2023-12-11,2023-12-17,East,Home,9620.93,3543.3542857142857,25000,3892.3,2417.8,237.2,6547.2,ad_platform_export,weekly,2023-12-19 09:00:00
2023-12-18,2023-12-24,East,Home,5552.9400000000005,1820.44,17000,3478.8,1697.6,163.7,5339.9,ad_platform_export,weekly,2023-12-26 09:00:00
2023-12-25,2023-12-31,East,Home,5398.68,1739.6914285714286,21000,3231.1,1745.9,206.2,5183.2,ad_platform_export,weekly,2024-01-02 09:00:00
2024-01-01,2024-01-07,East,Home,5375.16,1696.7157142857143,22000,3242.9,1705.4,223.1,5171.5,ad_platform_export,weekly,2024-01-09 09:00:00
2024-01-08,2024-01-14,East,Home,5522.66,1754.0628571428572,22000,3357.9,1777.3,201.89999999999998,5337.4,ad_platform_export,weekly,2024-01-16 09:00:00
2024-01-15,2024-01-21,East,Home,5688.68,1787.24,24000,3226.2,1785.3000000000002,223.0,5234.5,ad_platform_export,weekly,2024-01-23 09:00:00
2024-01-22,2024-01-28,East,Home,10753.3,2970.558571428571,29000,3485.7,2261.9,296.8,6044.7,ad_platform_export,weekly,2024-01-30 09:00:00
2024-01-29,2024-02-04,East,Home,11253.22,3914.4557142857147,19000,3567.8,2510.8,194.4,6273.2,ad_platform_export,weekly,2024-02-06 09:00:00
2024-02-05,2024-02-11,East,Home,5657.21,1900.202857142857,16000,3446.2,1759.9,166.0,5372.0,ad_platform_export,weekly,2024-02-13 09:00:00
2024-02-12,2024-02-18,East,Home,5781.71,1816.2571428571428,19000,3555.2,1703.8999999999999,188.3,5447.4,ad_platform_export,weekly,2024-02-20 09:00:00
2024-02-19,2024-02-25,East,Home,5673.33,1829.2785714285715,20000,3586.0,1716.4,191.3,5493.6,ad_platform_export,weekly,2024-02-27 09:00:00
2024-02-26,2024-03-03,East,Home,5309.47,1705.8342857142857,19000,3660.7,1676.5,195.5,5532.5,ad_platform_export,weekly,2024-03-05 09:00:00
2024-03-04,2024-03-10,East,Home,13814.25,3645.047142857143,22000,3950.4,2306.9,221.7,6479.1,ad_platform_export,weekly,2024-03-12 09:00:00
2024-03-11,2024-03-17,East,Home,9923.18,3798.2999999999997,22000,3917.5,2462.1,214.79999999999998,6594.4,ad_platform_export,weekly,2024-03-19 09:00:00
2024-03-18,2024-03-24,East,Home,5854.16,1914.5557142857142,33000,3861.3,1738.7,329.2,5929.4,ad_platform_export,weekly,2024-03-26 09:00:00
2024-03-25,2024-03-31,East,Home,16092.89,4450.898571428572,23000,4107.4,2685.3,241.2,7033.9,ad_platform_export,weekly,2024-04-02 09:00:00
2024-04-01,2024-04-07,East,Home,6136.28,2580.442857142857,23000,4113.9,1941.7,240.5,6295.7,ad_platform_export,weekly,2024-04-09 09:00:00
2024-04-08,2024-04-14,East,Home,6147.1,1950.9642857142858,20000,3986.8,1721.4,184.1,5892.3,ad_platform_export,weekly,2024-04-16 09:00:00
2024-04-15,2024-04-21,East,Home,10585.41,2774.5385714285717,30000,4251.5,2012.8,314.0,6578.4,ad_platform_export,weekly,2024-04-23 09:00:00
2024-04-22,2024-04-28,East,Home,35179.69,10071.162857142857,16000,4454.2,3492.5,153.6,8100.1,ad_platform_export,weekly,2024-04-30 09:00:00
2024-04-29,2024-05-05,East,Home,17482.38,7088.795714285714,18000,4510.7,2984.4,169.4,7664.9,ad_platform_export,weekly,2024-05-07 09:00:00
2024-05-06,2024-05-12,East,Home,6103.24,2080.7442857142855,29000,4615.7,1775.5,301.1,6692.5,ad_platform_export,weekly,2024-05-14 09:00:00
2024-05-13,2024-05-19,East,Home,6402.03,2019.9085714285716,24000,4552.0,1687.3,250.5,6489.7,ad_platform_export,weekly,2024-05-21 09:00:00
2024-05-20,2024-05-26,East,Home,6154.35,1978.6828571428573,17000,4673.7,1727.6,168.8,6570.2,ad_platform_export,weekly,2024-05-28 09:00:00
2024-05-27,2024-06-02,East,Home,6043.89,1928.912857142857,27000,4709.1,1718.7,261.3,6689.0,ad_platform_export,weekly,2024-06-04 09:00:00
2024-06-03,2024-06-09,East,Home,5957.22,1891.3228571428572,20000,4735.400000000001,1616.8,193.4,6545.5,ad_platform_export,weekly,2024-06-11 09:00:00
2024-06-10,2024-06-16,East,Home,6203.26,1954.5728571428572,32000,4766.7,1599.9,311.7,6678.1,ad_platform_export,weekly,2024-06-18 09:00:00
2024-06-17,2024-06-23,East,Home,6198.63,1968.1299999999999,21000,4632.0,1679.0,204.6,6515.5,ad_platform_export,weekly,2024-06-25 09:00:00
2024-06-24,2024-06-30,East,Home,6572.42,2073.8542857142857,20000,4766.0,1735.7,201.5,6703.0,ad_platform_export,weekly,2024-07-02 09:00:00
2024-07-01,2024-07-07,East,Home,6244.96,1985.9257142857143,24000,4709.2,1764.6,238.8,6712.8,ad_platform_export,weekly,2024-07-09 09:00:00
2024-07-08,2024-07-14,East,Home,9583.08,2673.637142857143,12000,4640.3,2135.6,127.2,6902.8,ad_platform_export,weekly,2024-07-16 09:00:00
2024-07-15,2024-07-21,East,Home,9669.88,3403.4485714285715,15000,4587.9,2258.0,160.2,7006.0,ad_platform_export,weekly,2024-07-23 09:00:00
2024-07-22,2024-07-28,East,Home,5989.0,1953.8899999999999,31000,4537.0,1735.8,317.5,6590.6,ad_platform_export,weekly,2024-07-30 09:00:00
2024-07-29,2024-08-04,East,Home,6181.62,1937.9957142857143,18000,4366.8,1651.9,190.7,6209.5,ad_platform_export,weekly,2024-08-06 09:00:00
2024-08-05,2024-08-11,East,Home,6121.83,1988.1671428571428,18000,4459.1,1717.7,178.1,6354.8,ad_platform_export,weekly,2024-08-13 09:00:00
2024-08-12,2024-08-18,East,Home,13566.67,3594.2914285714287,24000,4322.4,2344.9,249.7,6916.9,ad_platform_export,weekly,2024-08-20 09:00:00
2024-08-19,2024-08-25,East,Home,16541.55,5345.87,26000,4366.3,2917.5,256.8,7540.6,ad_platform_export,weekly,2024-08-27 09:00:00
2024-08-26,2024-09-01,East,Home,8614.8,3079.9271428571433,17000,4258.3,2212.9,171.5,6642.6,ad_platform_export,weekly,2024-09-03 09:00:00
2024-09-02,2024-09-08,East,Home,7929.51,2744.8114285714287,24000,4113.7,2059.7,252.70000000000002,6426.1,ad_platform_export,weekly,2024-09-10 09:00:00
2024-09-09,2024-09-15,East,Home,6086.03,1956.2199999999998,20000,4089.9,1694.3,199.4,5983.6,ad_platform_export,weekly,2024-09-17 09:00:00
2024-09-16,2024-09-22,East,Home,5664.02,1811.702857142857,20000,3990.8,1757.8,203.10000000000002,5951.4,ad_platform_export,weekly,2024-09-24 09:00:00
2024-09-23,2024-09-29,East,Home,5715.91,1809.27,22000,4025.5,1675.4,217.5,5918.5,ad_platform_export,weekly,2024-10-01 09:00:00
2024-09-30,2024-10-06,East,Home,7869.639999999999,2205.1785714285716,25000,3829.7,1915.7,249.3,5994.3,ad_platform_export,weekly,2024-10-08 09:00:00
2024-10-07,2024-10-13,East,Home,13233.3,4071.587142857143,16000,3844.4,2664.3,161.4,6670.3,ad_platform_export,weekly,2024-10-15 09:00:00
2024-10-14,2024-10-20,East,Home,5391.08,2167.942857142857,15000,3516.7999999999997,1943.3,156.0,5616.0,ad_platform_export,weekly,2024-10-22 09:00:00
2024-10-21,2024-10-27,East,Home,8834.03,2503.0414285714287,20000,3518.8,1988.9,204.5,5712.1,ad_platform_export,weekly,2024-10-29 09:00:00
2024-10-28,2024-11-03,East,Home,9491.15,3185.0271428571427,23000,3821.4,2357.7,236.6,6415.5,ad_platform_export,weekly,2024-11-05 09:00:00
2024-11-04,2024-11-10,East,Home,6407.35,2107.6014285714286,23000,4225.3,1815.6,235.6,6276.8,ad_platform_export,weekly,2024-11-12 09:00:00
2024-11-11,2024-11-17,East,Home,6458.84,2023.337142857143,22000,4796.2,1668.1,213.3,6677.6,ad_platform_export,weekly,2024-11-19 09:00:00
2024-11-18,2024-11-24,East,Home,14650.94,4205.5542857142855,19000,5429.9,2400.0,198.20000000000002,8027.9,ad_platform_export,weekly,2024-11-26 09:00:00
2024-11-25,2024-12-01,East,Home,6629.72,2558.9185714285713,27000,5307.6,1851.8,272.4,7431.5,ad_platform_export,weekly,2024-12-03 09:00:00
2024-12-02,2024-12-08,East,Home,6142.75,1964.1485714285716,20000,4978.2,1675.4,188.7,6842.4,ad_platform_export,weekly,2024-12-10 09:00:00
2024-12-09,2024-12-15,East,Home,14226.16,3936.6485714285714,15000,4017.8,2427.1,145.6,6590.5,ad_platform_export,weekly,2024-12-17 09:00:00
2024-12-16,2024-12-22,East,Home,7093.0,2856.5714285714284,19000,3508.6,2173.9,172.20000000000002,5854.7,ad_platform_export,weekly,2024-12-24 09:00:00
2024-12-23,2024-12-29,East,Home,5456.47,1761.6371428571426,29000,3368.3,1760.2,287.5,5416.3,ad_platform_export,weekly,2024-12-31 09:00:00
2024-12-30,2025-01-05,East,Home,821.3,1753.7,1000,475.9,227.3,10.8,714.1,ad_platform_export,weekly,2025-01-07 09:00:00
2022-12-26,2023-01-01,North,Apparel,1175.86,1175.86,3000,1381.6,290.0,66.3,1737.8,ad_platform_export,weekly,2023-01-03 09:00:00
2023-01-02,2023-01-08,North,Apparel,7460.39,2170.4614285714283,18000,8587.1,3080.8,339.1,12007.1,ad_platform_export,weekly,2023-01-10 09:00:00
2023-01-09,2023-01-15,North,Apparel,7146.84,2296.5157142857142,19000,7517.0,3034.0,343.8,10894.7,ad_platform_export,weekly,2023-01-17 09:00:00
2023-01-16,2023-01-22,North,Apparel,7277.91,2277.5057142857145,20000,7366.5,3103.8,300.2,10770.5,ad_platform_export,weekly,2023-01-24 09:00:00
2023-01-23,2023-01-29,North,Apparel,13870.57,3579.0728571428576,22000,6709.0,3686.7,313.9,10709.9,ad_platform_export,weekly,2023-01-31 09:00:00
2023-01-30,2023-02-05,North,Apparel,28778.940000000002,8783.558571428572,22000,6476.4,5062.2,281.0,11819.7,ad_platform_export,weekly,2023-02-07 09:00:00
2023-02-06,2023-02-12,North,Apparel,7443.93,3517.7599999999998,18000,6096.5,3697.4,247.8,10041.7,ad_platform_export,weekly,2023-02-14 09:00:00
2023-02-13,2023-02-19,North,Apparel,7590.1,2423.8114285714287,17000,5740.6,3198.8,215.5,9154.8,ad_platform_export,weekly,2023-02-21 09:00:00
2023-02-20,2023-02-26,North,Apparel,7506.07,2368.942857142857,21000,5273.9,3287.3,229.9,8791.0,ad_platform_export,weekly,2023-02-28 09:00:00
2023-02-27,2023-03-05,North,Apparel,23701.010000000002,6337.428571428572,20000,5210.3,4419.8,208.8,9838.9,ad_platform_export,weekly,2023-03-07 09:00:00
2023-03-06,2023-03-12,North,Apparel,13768.029999999999,5523.432857142857,24000,5336.9,4260.4,241.0,9838.4,ad_platform_export,weekly,2023-03-14 09:00:00
2023-03-13,2023-03-19,North,Apparel,7755.05,2477.9285714285716,18000,5437.8,3105.4,180.5,8723.6,ad_platform_export,weekly,2023-03-21 09:00:00
2023-03-20,2023-03-26,North,Apparel,13590.52,3813.882857142857,26000,5557.8,3697.2000000000003,257.3,9512.2,ad_platform_export,weekly,2023-03-28 09:00:00
2023-03-27,2023-04-02,North,Apparel,12299.039999999999,4353.334285714286,22000,5507.7,4014.0,236.2,9758.0,ad_platform_export,weekly,2023-04-04 09:00:00
2023-04-03,2023-04-09,North,Apparel,8075.1,2619.6042857142857,23000,5938.5,3215.1,251.1,9404.8,ad_platform_export,weekly,2023-04-11 09:00:00
2023-04-10,2023-04-16,North,Apparel,14904.02,3964.54,17000,6426.5,3635.9,173.6,10236.2,ad_platform_export,weekly,2023-04-18 09:00:00
2023-04-17,2023-04-23,North,Apparel,24742.11,7720.03,17000,6546.5,4614.2,170.8,11331.5,ad_platform_export,weekly,2023-04-25 09:00:00
2023-04-24,2023-04-30,North,Apparel,8328.19,3516.214285714286,22000,6193.8,3659.5,201.6,10055.0,ad_platform_export,weekly,2023-05-02 09:00:00
2023-05-01,2023-05-07,North,Apparel,8560.53,2704.65,15000,6437.9,3331.9,155.9,9925.6,ad_platform_export,weekly,2023-05-09 09:00:00
2023-05-08,2023-05-14,North,Apparel,8287.17,2658.6042857142857,13000,6104.2,3143.4,133.8,9381.5,ad_platform_export,weekly,2023-05-16 09:00:00
2023-05-15,2023-05-21,North,Apparel,8433.380000000001,2677.7614285714285,22000,6325.8,3240.0,226.5,9792.2,ad_platform_export,weekly,2023-05-23 09:00:00
2023-05-22,2023-05-28,North,Apparel,9904.35,2870.894285714286,24000,6534.9,3283.1,253.0,10071.0,ad_platform_export,weekly,2023-05-30 09:00:00
2023-05-29,2023-06-04,North,Apparel,18078.85,5481.082857142857,16000,6272.9,4187.2,155.5,10615.7,ad_platform_export,weekly,2023-06-06 09:00:00
2023-06-05,2023-06-11,North,Apparel,9800.710000000001,3630.2257142857147,22000,6589.5,3596.7,219.0,10405.1,ad_platform_export,weekly,2023-06-13 09:00:00
2023-06-12,2023-06-18,North,Apparel,8417.84,2701.06,24000,6559.0,3274.1,236.2,10069.4,ad_platform_export,weekly,2023-06-20 09:00:00
2023-06-19,2023-06-25,North,Apparel,8586.66,2692.3742857142856,29000,6463.7,3179.3,311.2,9954.2,ad_platform_export,weekly,2023-06-27 09:00:00
2023-06-26,2023-07-02,North,Apparel,8152.3,2643.71,22000,6500.099999999999,3099.5,209.6,9809.4,ad_platform_export,weekly,2023-07-04 09:00:00
2023-07-03,2023-07-09,North,Apparel,7880.98,2479.3228571428567,26000,6504.799999999999,3050.2999999999997,283.0,9838.4,ad_platform_export,weekly,2023-07-11 09:00:00
2023-07-10,2023-07-16,North,Apparel,8256.05,2603.6614285714286,17000,6346.1,3215.9,170.6,9732.8,ad_platform_export,weekly,2023-07-18 09:00:00
2023-07-17,2023-07-23,North,Apparel,8467.94,2681.69,19000,6399.6,3072.1,196.9,9668.6,ad_platform_export,weekly,2023-07-25 09:00:00
2023-07-24,2023-07-30,North,Apparel,8471.95,2686.1342857142854,28000,6492.0,3169.9,298.2,9960.0,ad_platform_export,weekly,2023-08-01 09:00:00
2023-07-31,2023-08-06,North,Apparel,12920.96,3515.6271428571426,21000,6119.8,3563.7,203.3,9886.7,ad_platform_export,weekly,2023-08-08 09:00:00
2023-08-07,2023-08-13,North,Apparel,23628.83,7259.2985714285705,27000,6176.2,4658.9,268.8,11104.0,ad_platform_export,weekly,2023-08-15 09:00:00
2023-08-14,2023-08-20,North,Apparel,8057.48,3385.1228571428574,20000,5936.4,3470.9,200.2,9607.5,ad_platform_export,weekly,2023-08-22 09:00:00
2023-08-21,2023-08-27,North,Apparel,11853.14,3299.641428571428,22000,6020.5,3448.2,218.2,9687.0,ad_platform_export,weekly,2023-08-29 09:00:00
2023-08-28,2023-09-03,North,Apparel,20520.71,6329.601428571428,18000,5997.0,4592.2,183.1,10772.5,ad_platform_export,weekly,2023-09-05 09:00:00
2023-09-04,2023-09-10,North,Apparel,9788.119999999999,3739.922857142857,20000,5659.0,3690.0,205.9,9554.8,ad_platform_export,weekly,2023-09-12 09:00:00
2023-09-11,2023-09-17,North,Apparel,9505.39,2823.878571428572,23000,5713.7,3316.8,220.4,9250.9,ad_platform_export,weekly,2023-09-19 09:00:00
2023-09-18,2023-09-24,North,Apparel,18334.440000000002,5489.024285714286,26000,5595.5,4439.5,253.4,10288.4,ad_platform_export,weekly,2023-09-26 09:00:00
2023-09-25,2023-10-01,North,Apparel,8128.030000000001,3132.1314285714284,32000,5380.4,3505.3,324.0,9209.6,ad_platform_export,weekly,2023-10-03 09:00:00
2023-10-02,2023-10-08,North,Apparel,7712.67,2477.817142857143,19000,5290.6,3120.6,195.7,8606.9,ad_platform_export,weekly,2023-10-10 09:00:00
2023-10-09,2023-10-15,North,Apparel,7433.389999999999,2398.047142857143,23000,4984.7,3231.5,228.4,8444.4,ad_platform_export,weekly,2023-10-17 09:00:00
2023-10-16,2023-10-22,North,Apparel,7377.75,2313.582857142857,17000,5018.6,3072.1,182.9,8273.4,ad_platform_export,weekly,2023-10-24 09:00:00
2023-10-23,2023-10-29,North,Apparel,7839.8,2463.8728571428574,30000,5045.2,3231.3,303.90000000000003,8580.4,ad_platform_export,weekly,2023-10-31 09:00:00
2023-10-30,2023-11-05,North,Apparel,7725.58,2451.4385714285713,20000,5194.2,3130.5,196.5,8521.2,ad_platform_export,weekly,2023-11-07 09:00:00
2023-11-06,2023-11-12,North,Apparel,8352.14,2645.191428571429,15000,5702.8,3189.6,142.1,9034.3,ad_platform_export,weekly,2023-11-14 09:00:00
2023-11-13,2023-11-19,North,Apparel,8599.25,2703.91,24000,6561.0,3134.1,225.8,9921.0,ad_platform_export,weekly,2023-11-21 09:00:00
2023-11-20,2023-11-26,North,Apparel,13507.75,3917.7357142857145,15000,7680.8,3606.3,148.79999999999998,11435.6,ad_platform_export,weekly,2023-11-28 09:00:00
2023-11-27,2023-12-03,North,Apparel,11067.82,3846.38,23000,7531.8,3711.9,232.1,11475.7,ad_platform_export,weekly,2023-12-05 09:00:00
2023-12-04,2023-12-10,North,Apparel,8503.8,2727.4828571428575,23000,6307.200000000001,3185.2,237.10000000000002,9729.8,ad_platform_export,weekly,2023-12-12 09:00:00
2023-12-11,2023-12-17,North,Apparel,8122.53,2608.0914285714284,18000,5566.2,3229.6,192.0,8987.9,ad_platform_export,weekly,2023-12-19 09:00:00
2023-12-18,2023-12-24,North,Apparel,14146.98,3645.1899999999996,15000,4746.3,3676.7,148.9,8572.0,ad_platform_export,weekly,2023-12-26 09:00:00
2023-12-25,2023-12-31,North,Apparel,24181.03,8164.642857142857,22000,4525.9,5151.4,221.6,9898.9,ad_platform_export,weekly,2024-01-02 09:00:00
2024-01-01,2024-01-07,North,Apparel,26678.37,7445.198571428571,31000,4507.6,4842.3,297.8,9647.6,ad_platform_export,weekly,2024-01-09 09:00:00
2024-01-08,2024-01-14,North,Apparel,15302.93,6213.562857142858,16000,4492.5,4395.8,159.60000000000002,9047.9,ad_platform_export,weekly,2024-01-16 09:00:00
2024-01-15,2024-01-21,North,Apparel,7333.870000000001,2408.057142857143,32000,4768.0,3207.9,306.4,8282.2,ad_platform_export,weekly,2024-01-23 09:00:00
2024-01-22,2024-01-28,North,Apparel,7532.799999999999,2376.717142857143,18000,4619.4,3232.4,171.6,8023.5,ad_platform_export,weekly,2024-01-30 09:00:00
2024-01-29,2024-02-04,North,Apparel,7682.59,2402.817142857143,27000,4624.9,3141.9,250.2,8017.1,ad_platform_export,weekly,2024-02-06 09:00:00
2024-02-05,2024-02-11,North,Apparel,7828.51,2518.035714285714,22000,4831.8,3173.8,218.9,8224.4,ad_platform_export,weekly,2024-02-13 09:00:00
2024-02-12,2024-02-18,North,Apparel,16582.87,4305.301428571429,25000,5012.2,3776.3,254.2,9042.4,ad_platform_export,weekly,2024-02-20 09:00:00
2024-02-19,2024-02-25,North,Apparel,19793.52,7053.814285714286,22000,4962.0,4709.2,227.5,9898.8,ad_platform_export,weekly,2024-02-27 09:00:00
2024-02-26,2024-03-03,North,Apparel,8080.08,2711.0842857142857,27000,5186.4,3353.2,258.1,8797.8,ad_platform_export,weekly,2024-03-05 09:00:00
2024-03-04,2024-03-10,North,Apparel,7895.6900000000005,2522.154285714286,21000,5173.1,3220.4,215.39999999999998,8608.7,ad_platform_export,weekly,2024-03-12 09:00:00
2024-03-11,2024-03-17,North,Apparel,8057.700000000001,2543.612857142857,21000,5470.9,3146.3,205.4,8822.6,ad_platform_export,weekly,2024-03-19 09:00:00
2024-03-18,2024-03-24,North,Apparel,8480.94,2690.862857142857,19000,5372.3,3363.5,185.6,8921.1,ad_platform_export,weekly,2024-03-26 09:00:00
2024-03-25,2024-03-31,North,Apparel,11889.75,3262.367142857143,15000,5291.7,3509.3,165.3,8966.6,ad_platform_export,weekly,2024-04-02 09:00:00
2024-04-01,2024-04-07,North,Apparel,28401.010000000002,8079.591428571429,17000,5810.5,4881.5,167.2,10859.2,ad_platform_export,weekly,2024-04-09 09:00:00
2024-04-08,2024-04-14,North,Apparel,27711.010000000002,9356.355714285713,25000,5823.8,4957.9,275.7,11057.3,ad_platform_export,weekly,2024-04-16 09:00:00
2024-04-15,2024-04-21,North,Apparel,8038.360000000001,3448.5085714285715,31000,6166.2,3741.4,303.2,10210.8,ad_platform_export,weekly,2024-04-23 09:00:00
2024-04-22,2024-04-28,North,Apparel,7929.0,2541.7757142857145,21000,5921.8,3136.3,213.9,9272.1,ad_platform_export,weekly,2024-04-30 09:00:00
2024-04-29,2024-05-05,North,Apparel,7909.21,2504.2771428571427,26000,6054.4,3141.5,264.3,9460.3,ad_platform_export,weekly,2024-05-07 09:00:00
2024-05-06,2024-05-12,North,Apparel,21852.08,5730.904285714286,14000,6144.4,4134.0,144.0,10422.5,ad_platform_export,weekly,2024-05-14 09:00:00
2024-05-13,2024-05-19,North,Apparel,29152.1,9687.74,15000,6501.6,5265.3,153.4,11920.3,ad_platform_export,weekly,2024-05-21 09:00:00
2024-05-20,2024-05-26,North,Apparel,8679.58,3467.197142857143,24000,6171.7,3558.7,233.7,9964.2,ad_platform_export,weekly,2024-05-28 09:00:00
2024-05-27,2024-06-02,North,Apparel,8592.47,2762.565714285714,21000,6409.1,3187.3,204.6,9801.3,ad_platform_export,weekly,2024-06-04 09:00:00
2024-06-03,2024-06-09,North,Apparel,8365.99,2684.8728571428574,11000,6323.1,3260.0,106.4,9689.6,ad_platform_export,weekly,2024-06-11 09:00:00
2024-06-10,2024-06-16,North,Apparel,8392.06,2630.781428571429,15000,6289.9,3284.2,150.0,9724.2,ad_platform_export,weekly,2024-06-18 09:00:00
2024-06-17,2024-06-23,North,Apparel,8026.77,2587.4542857142856,12000,6665.9,3063.9,118.8,9848.4,ad_platform_export,weekly,2024-06-25 09:00:00
2024-06-24,2024-06-30,North,Apparel,8458.15,2657.055714285714,21000,6640.6,3202.8,217.3,10060.8,ad_platform_export,weekly,2024-07-02 09:00:00
2024-07-01,2024-07-07,North,Apparel,8124.280000000001,2583.9585714285713,16000,6537.3,2945.0,163.9,9646.2,ad_platform_export,weekly,2024-07-09 09:00:00
2024-07-08,2024-07-14,North,Apparel,8256.09,2616.782857142857,24000,6556.3,3235.5,233.4,10025.2,ad_platform_export,weekly,2024-07-16 09:00:00
2024-07-15,2024-07-21,North,Apparel,12269.91,3370.887142857143,17000,6313.9,3353.0,180.8,9847.9,ad_platform_export,weekly,2024-07-23 09:00:00
2024-07-22,2024-07-28,North,Apparel,22193.53,6779.97,12000,6376.3,4523.7,120.30000000000001,11020.2,ad_platform_export,weekly,2024-07-30 09:00:00
2024-07-29,2024-08-04,North,Apparel,17341.71,5741.808571428572,22000,6194.7,4440.1,209.8,10844.4,ad_platform_export,weekly,2024-08-06 09:00:00
2024-08-05,2024-08-11,North,Apparel,16826.5,5597.607142857143,25000,6235.8,4545.3,236.0,11016.9,ad_platform_export,weekly,2024-08-13 09:00:00
2024-08-12,2024-08-18,North,Apparel,8145.91,2888.4585714285713,16000,6148.7,3277.7,152.8,9579.2,ad_platform_export,weekly,2024-08-20 09:00:00
2024-08-19,2024-08-25,North,Apparel,8096.78,2571.8414285714284,23000,5893.5,3137.3,256.2,9287.0,ad_platform_export,weekly,2024-08-27 09:00:00
2024-08-26,2024-09-01,North,Apparel,7597.39,2455.867142857143,21000,5783.1,3155.8,218.7,9157.4,ad_platform_export,weekly,2024-09-03 09:00:00
2024-09-02,2024-09-08,North,Apparel,36629.9,10023.16857142857,20000,6008.5,5183.3,192.7,11384.5,ad_platform_export,weekly,2024-09-10 09:00:00
2024-09-09,2024-09-15,North,Apparel,22241.47,8430.577142857142,21000,5648.9,4868.4,221.1,10738.4,ad_platform_export,weekly,2024-09-17 09:00:00
2024-09-16,2024-09-22,North,Apparel,7839.6,2690.9171428571426,13000,5522.4,3296.0,133.3,8951.6,ad_platform_export,weekly,2024-09-24 09:00:00
2024-09-23,2024-09-29,North,Apparel,7741.49,2481.6414285714286,25000,5497.7,3132.0,258.5,8888.2,ad_platform_export,weekly,2024-10-01 09:00:00
2024-09-30,2024-10-06,North,Apparel,7838.59,2483.617142857143,21000,5224.1,3165.2,205.8,8595.4,ad_platform_export,weekly,2024-10-08 09:00:00
2024-10-07,2024-10-13,North,Apparel,7560.43,2411.0185714285717,21000,5151.0,3190.7,227.0,8568.8,ad_platform_export,weekly,2024-10-15 09:00:00
2024-10-14,2024-10-20,North,Apparel,19660.800000000003,5166.5599999999995,26000,4946.4,3937.1,266.7,9150.2,ad_platform_export,weekly,2024-10-22 09:00:00
2024-10-21,2024-10-27,North,Apparel,41093.47,12639.304285714286,17000,5089.2,5315.8,159.2,10564.2,ad_platform_export,weekly,2024-10-29 09:00:00
2024-10-28,2024-11-03,North,Apparel,33568.12,10904.378571428571,25000,5194.4,5190.9,249.39999999999998,10634.7,ad_platform_export,weekly,2024-11-05 09:00:00
2024-11-04,2024-11-10,North,Apparel,13419.8,5406.795714285714,20000,5782.7,4310.6,202.0,10295.4,ad_platform_export,weekly,2024-11-12 09:00:00
2024-11-11,2024-11-17,North,Apparel,8446.63,2698.0042857142857,19000,6827.0,3221.9,189.8,10238.4,ad_platform_export,weekly,2024-11-19 09:00:00
2024-11-18,2024-11-24,North,Apparel,8859.75,2788.3757142857144,18000,7460.2,3006.6,186.9,10653.6,ad_platform_export,weekly,2024-11-26 09:00:00
2024-11-25,2024-12-01,North,Apparel,27666.32,7258.478571428571,14000,7479.4,4347.5,143.4,11970.5,ad_platform_export,weekly,2024-12-03 09:00:00
2024-12-02,2024-12-08,North,Apparel,29570.39,10325.655714285715,20000,6883.0,4934.7,198.8,12016.3,ad_platform_export,weekly,2024-12-10 09:00:00
2024-12-09,2024-12-15,North,Apparel,8289.880000000001,3257.075714285714,20000,5687.3,3543.5,192.6,9423.4,ad_platform_export,weekly,2024-12-17 09:00:00
2024-12-16,2024-12-22,North,Apparel,7781.39,2501.157142857143,19000,4943.8,3261.3,187.7,8392.7,ad_platform_export,weekly,2024-12-24 09:00:00
2024-12-23,2024-12-29,North,Apparel,7158.0,2300.7571428571428,25000,4771.2,2960.7,253.5,7985.3,ad_platform_export,weekly,2024-12-31 09:00:00
2024-12-30,2025-01-05,North,Apparel,1089.33,2381.22,1000,569.5,437.3,10.4,1017.2,ad_platform_export,weekly,2025-01-07 09:00:00
2024-11-25,2024-12-01,North,Beauty,333.54,333.54,1333,839.1,199.3,40.8,1079.2,ad_platform_export,weekly,2024-12-03 09:00:00
2024-12-02,2024-12-08,North,Beauty,2334.78,333.54,8142,5993.0,1295.7,306.7,7595.4,ad_platform_export,weekly,2024-12-10 09:00:00
2024-12-09,2024-12-15,North,Beauty,2334.78,333.54,6416,5403.0,1426.2,313.9,7143.4,ad_platform_export,weekly,2024-12-17 09:00:00
2024-12-16,2024-12-22,North,Beauty,2334.78,333.54,7172,5886.8,1406.8,329.1,7622.6,ad_platform_export,weekly,2024-12-24 09:00:00
2024-12-23,2024-12-29,North,Beauty,2334.78,333.54,6471,5907.7,1541.1,260.6,7709.099999999999,ad_platform_export,weekly,2024-12-31 09:00:00
2024-12-30,2025-01-05,North,Beauty,333.54,333.54,998,867.3,210.1,35.3,1112.7,ad_platform_export,weekly,2025-01-07 09:00:00
2022-12-26,2023-01-01,North,Electronics,623.47,623.47,4000,812.5,133.5,61.1,1007.2,ad_platform_export,weekly,2023-01-03 09:00:00
2023-01-02,2023-01-08,North,Electronics,4734.17,1345.45,15000,5363.4,1657.7,284.4,7305.5,ad_platform_export,weekly,2023-01-10 09:00:00
2023-01-09,2023-01-15,North,Electronics,4747.03,1517.6871428571428,24000,4729.8,1813.8999999999999,401.6,6945.299999999999,ad_platform_export,weekly,2023-01-17 09:00:00
2023-01-16,2023-01-22,North,Electronics,4872.58,1540.6457142857143,25000,4332.9,1802.4,405.5,6540.7,ad_platform_export,weekly,2023-01-24 09:00:00
2023-01-23,2023-01-29,North,Electronics,4759.64,1511.6585714285716,28000,3982.3999999999996,1780.4,402.9,6165.9,ad_platform_export,weekly,2023-01-31 09:00:00
2023-01-30,2023-02-05,North,Electronics,4833.16,1526.5985714285714,22000,3527.5,1814.7,290.0,5632.3,ad_platform_export,weekly,2023-02-07 09:00:00
2023-02-06,2023-02-12,North,Electronics,5105.0,1603.8714285714286,28000,3157.4,1834.4,279.2,5271.0,ad_platform_export,weekly,2023-02-14 09:00:00
2023-02-13,2023-02-19,North,Electronics,4901.2,1556.6771428571428,22000,3073.5,1812.3000000000002,209.6,5095.3,ad_platform_export,weekly,2023-02-21 09:00:00
2023-02-20,2023-02-26,North,Electronics,5029.82,1604.707142857143,24000,3097.8,1869.8999999999999,236.4,5204.0,ad_platform_export,weekly,2023-02-28 09:00:00
2023-02-27,2023-03-05,North,Electronics,5256.9,1648.4614285714285,19000,3148.2,1804.9,195.8,5148.8,ad_platform_export,weekly,2023-03-07 09:00:00
2023-03-06,2023-03-12,North,Electronics,4613.24,1499.9328571428573,32000,3300.2,1669.2,338.2,5307.7,ad_platform_export,weekly,2023-03-14 09:00:00
2023-03-13,2023-03-19,North,Electronics,5065.28,1584.6928571428573,14000,3297.8,1737.8,147.9,5183.3,ad_platform_export,weekly,2023-03-21 09:00:00
2023-03-20,2023-03-26,North,Electronics,16039.21,4492.878571428571,15000,3401.5,3328.3,149.6,6879.3,ad_platform_export,weekly,2023-03-28 09:00:00
2023-03-27,2023-04-02,North,Electronics,15984.420000000002,5016.47,21000,3530.1,3517.5,214.89999999999998,7262.5,ad_platform_export,weekly,2023-04-04 09:00:00
2023-04-03,2023-04-09,North,Electronics,5801.8,2496.7771428571427,15000,3504.0,2344.7,141.6,5990.4,ad_platform_export,weekly,2023-04-11 09:00:00
2023-04-10,2023-04-16,North,Electronics,14631.59,4124.214285714285,23000,3635.8,3213.7,253.8,7103.4,ad_platform_export,weekly,2023-04-18 09:00:00
2023-04-17,2023-04-23,North,Electronics,5247.92,2164.6257142857144,24000,3717.8999999999996,2173.2,258.4,6149.6,ad_platform_export,weekly,2023-04-25 09:00:00
2023-04-24,2023-04-30,North,Electronics,5426.74,1721.9914285714287,21000,3758.5,1835.5,205.0,5799.2,ad_platform_export,weekly,2023-05-02 09:00:00
2023-05-01,2023-05-07,North,Electronics,5500.62,1744.717142857143,15000,3740.6,1778.0,143.0,5661.4,ad_platform_export,weekly,2023-05-09 09:00:00
2023-05-08,2023-05-14,North,Electronics,5204.47,1673.2957142857142,20000,3976.6,1795.5,192.9,5964.8,ad_platform_export,weekly,2023-05-16 09:00:00
2023-05-15,2023-05-21,North,Electronics,5294.22,1676.0928571428572,24000,3948.8,1820.5,256.8,6026.0,ad_platform_export,weekly,2023-05-23 09:00:00
2023-05-22,2023-05-28,North,Electronics,5393.35,1701.532857142857,22000,3859.7,1792.6999999999998,226.4,5878.6,ad_platform_export,weekly,2023-05-30 09:00:00
2023-05-29,2023-06-04,North,Electronics,5405.26,1721.2814285714285,29000,4068.4,1741.7,272.4,6082.7,ad_platform_export,weekly,2023-06-06 09:00:00
2023-06-05,2023-06-11,North,Electronics,5271.14,1673.28,25000,3942.0,1823.2,240.6,6006.1,ad_platform_export,weekly,2023-06-13 09:00:00
2023-06-12,2023-06-18,North,Electronics,5270.46,1689.202857142857,17000,3934.8,1711.3,165.2,5811.4,ad_platform_export,weekly,2023-06-20 09:00:00
2023-06-19,2023-06-25,North,Electronics,5315.45,1685.7342857142855,20000,3992.1,1686.6,198.6,5877.400000000001,ad_platform_export,weekly,2023-06-27 09:00:00
2023-06-26,2023-07-02,North,Electronics,5415.01,1710.57,19000,4019.1,1754.1000000000001,201.10000000000002,5974.3,ad_platform_export,weekly,2023-07-04 09:00:00
2023-07-03,2023-07-09,North,Electronics,5402.05,1715.2528571428572,21000,3920.6,1798.9,205.2,5924.6,ad_platform_export,weekly,2023-07-11 09:00:00
2023-07-10,2023-07-16,North,Electronics,5445.4,1726.1114285714286,22000,3930.2000000000003,1786.5,232.8,5949.5,ad_platform_export,weekly,2023-07-18 09:00:00
2023-07-17,2023-07-23,North,Electronics,4017.0299999999997,1463.7985714285714,16000,3995.2,1537.1,156.2,5688.7,ad_platform_export,weekly,2023-07-25 09:00:00
2023-07-24,2023-07-30,North,Electronics,953.27,374.9842857142857,19000,3830.9,488.1,210.10000000000002,4529.1,ad_platform_export,weekly,2023-08-01 09:00:00
2023-07-31,2023-08-06,North,Electronics,526.4,174.52,12000,3782.1,241.6,127.1,4151.0,ad_platform_export,weekly,2023-08-08 09:00:00
2023-08-07,2023-08-13,North,Electronics,531.18,168.94142857142856,23000,3801.4,233.1,233.7,4268.0,ad_platform_export,weekly,2023-08-15 09:00:00
2023-08-14,2023-08-20,North,Electronics,5302.58,1420.4471428571428,19000,3737.4,1524.1,193.2,5455.0,ad_platform_export,weekly,2023-08-22 09:00:00
2023-08-21,2023-08-27,North,Electronics,5102.3,1613.6100000000001,25000,3660.6,1709.3,248.3,5618.0,ad_platform_export,weekly,2023-08-29 09:00:00
2023-08-28,2023-09-03,North,Electronics,5082.98,1641.5128571428572,21000,3513.2,1701.1,205.5,5419.7,ad_platform_export,weekly,2023-09-05 09:00:00
2023-09-04,2023-09-10,North,Electronics,24565.32,6725.97,17000,3575.6,3951.6000000000004,176.0,7703.4,ad_platform_export,weekly,2023-09-12 09:00:00
2023-09-11,2023-09-17,North,Electronics,10685.91,4394.4457142857145,25000,3538.1,2902.8,249.1,6690.1,ad_platform_export,weekly,2023-09-19 09:00:00
2023-09-18,2023-09-24,North,Electronics,5808.38,1740.2757142857142,16000,3315.7000000000003,1882.9,168.9,5367.5,ad_platform_export,weekly,2023-09-26 09:00:00
2023-09-25,2023-10-01,North,Electronics,12245.57,3653.617142857143,19000,3263.2,3033.0,193.7,6490.0,ad_platform_export,weekly,2023-10-03 09:00:00
2023-10-02,2023-10-08,North,Electronics,4909.92,1957.3071428571427,19000,3138.9,2089.8,191.8,5420.4,ad_platform_export,weekly,2023-10-10 09:00:00
2023-10-09,2023-10-15,North,Electronics,11301.93,3044.9828571428575,21000,3206.4,2717.6,212.4,6136.6,ad_platform_export,weekly,2023-10-17 09:00:00
2023-10-16,2023-10-22,North,Electronics,11210.869999999999,4012.6814285714286,16000,3002.9,3167.3,164.3,6334.4,ad_platform_export,weekly,2023-10-24 09:00:00
2023-10-23,2023-10-29,North,Electronics,4932.59,1664.1357142857144,20000,3136.8,1923.6,211.7,5272.2,ad_platform_export,weekly,2023-10-31 09:00:00
2023-10-30,2023-11-05,North,Electronics,5249.88,1647.6499999999999,17000,3196.9,1819.9,161.4,5178.4,ad_platform_export,weekly,2023-11-07 09:00:00
2023-11-06,2023-11-12,North,Electronics,5187.64,1646.5114285714285,29000,3723.8,1738.8,323.59999999999997,5786.5,ad_platform_export,weekly,2023-11-14 09:00:00
2023-11-13,2023-11-19,North,Electronics,5766.79,1791.892857142857,19000,4177.9,1798.2,200.3,6176.6,ad_platform_export,weekly,2023-11-21 09:00:00
2023-11-20,2023-11-26,North,Electronics,5684.52,1814.9114285714288,16000,4522.2,1741.6,171.2,6435.1,ad_platform_export,weekly,2023-11-28 09:00:00
2023-11-27,2023-12-03,North,Electronics,8489.14,2214.4871428571428,20000,4468.3,1935.5,187.8,6591.4,ad_platform_export,weekly,2023-12-05 09:00:00
2023-12-04,2023-12-10,North,Electronics,28641.32,8238.917142857143,26000,3957.8,4243.900000000001,251.4,8453.1,ad_platform_export,weekly,2023-12-12 09:00:00
2023-12-11,2023-12-17,North,Electronics,11309.41,4888.128571428571,28000,3225.5,3216.3,293.7,6735.4,ad_platform_export,weekly,2023-12-19 09:00:00
2023-12-18,2023-12-24,North,Electronics,7527.05,2180.4100000000003,31000,3040.3,2269.9,296.9,5607.1,ad_platform_export,weekly,2023-12-26 09:00:00
2023-12-25,2023-12-31,North,Electronics,10354.92,3391.095714285714,17000,2871.1,3003.1,181.3,6055.7,ad_platform_export,weekly,2024-01-02 09:00:00
2024-01-01,2024-01-07,North,Electronics,4849.23,1731.9714285714285,25000,2794.4,1937.6,246.5,4978.4,ad_platform_export,weekly,2024-01-09 09:00:00
2024-01-08,2024-01-14,North,Electronics,5030.75,1574.44,18000,2916.6,1812.6999999999998,180.3,4909.7,ad_platform_export,weekly,2024-01-16 09:00:00
2024-01-15,2024-01-21,North,Electronics,13813.6,3752.88,24000,2809.8,2956.9,246.9,6013.7,ad_platform_export,weekly,2024-01-23 09:00:00
2024-01-22,2024-01-28,North,Electronics,16019.48,5331.72,17000,2939.3,3615.4,163.0,6717.8,ad_platform_export,weekly,2024-01-30 09:00:00
2024-01-29,2024-02-04,North,Electronics,4873.0,1950.8857142857144,19000,2971.5,2118.2,188.3,5277.9,ad_platform_export,weekly,2024-02-06 09:00:00
2024-02-05,2024-02-11,North,Electronics,4656.17,1494.0857142857144,25000,2960.8,1723.0,246.8,4930.7,ad_platform_export,weekly,2024-02-13 09:00:00
2024-02-12,2024-02-18,North,Electronics,4995.9,1578.98,19000,3024.5,1821.7,180.3,5026.5,ad_platform_export,weekly,2024-02-20 09:00:00
2024-02-19,2024-02-25,North,Electronics,7661.709999999999,2037.2742857142857,11000,3133.3,2043.3,106.8,5283.4,ad_platform_export,weekly,2024-02-27 09:00:00
2024-02-26,2024-03-03,North,Electronics,14611.67,4481.848571428572,22000,3134.2,3306.3,217.6,6658.1,ad_platform_export,weekly,2024-03-05 09:00:00
2024-03-04,2024-03-10,North,Electronics,9128.029999999999,3163.5214285714287,20000,3247.8,2843.8,201.8,6293.1,ad_platform_export,weekly,2024-03-12 09:00:00
2024-03-11,2024-03-17,North,Electronics,15155.369999999999,4762.414285714286,19000,3336.7,3346.8,195.0,6878.5,ad_platform_export,weekly,2024-03-19 09:00:00
2024-03-18,2024-03-24,North,Electronics,5092.04,1921.8542857142857,18000,3330.9,1958.8,165.9,5455.6,ad_platform_export,weekly,2024-03-26 09:00:00
2024-03-25,2024-03-31,North,Electronics,5434.65,1707.23,26000,3510.0,1860.6999999999998,278.5,5649.0,ad_platform_export,weekly,2024-04-02 09:00:00
2024-04-01,2024-04-07,North,Electronics,28748.29,7862.831428571429,24000,3618.7,4122.4,235.2,7976.299999999999,ad_platform_export,weekly,2024-04-09 09:00:00
2024-04-08,2024-04-14,North,Electronics,15620.05,6112.361428571428,22000,3609.6,3648.7000000000003,227.8,7486.3,ad_platform_export,weekly,2024-04-16 09:00:00
2024-04-15,2024-04-21,North,Electronics,12741.68,3627.752857142857,19000,3632.3,2841.6,201.9,6675.8,ad_platform_export,weekly,2024-04-23 09:00:00
2024-04-22,2024-04-28,North,Electronics,12834.75,4435.7300000000005,22000,3710.8999999999996,3291.6,214.1,7216.5,ad_platform_export,weekly,2024-04-30 09:00:00
2024-04-29,2024-05-05,North,Electronics,5017.18,1777.9185714285716,19000,3730.5,1841.4,188.2,5760.2,ad_platform_export,weekly,2024-05-07 09:00:00
2024-05-06,2024-05-12,North,Electronics,5372.32,1695.2985714285714,20000,3896.5,1706.1,216.2,5818.8,ad_platform_export,weekly,2024-05-14 09:00:00
2024-05-13,2024-05-19,North,Electronics,5268.53,1680.3428571428572,26000,3790.0,1757.1,257.2,5804.3,ad_platform_export,weekly,2024-05-21 09:00:00
2024-05-20,2024-05-26,North,Electronics,8322.73,2244.057142857143,16000,3978.3,2139.6,153.6,6271.5,ad_platform_export,weekly,2024-05-28 09:00:00
2024-05-27,2024-06-02,North,Electronics,13716.189999999999,4444.2300000000005,16000,3965.9,3229.7,167.1,7362.8,ad_platform_export,weekly,2024-06-04 09:00:00
2024-06-03,2024-06-09,North,Electronics,13337.81,3675.6228571428574,17000,3968.2,2765.9,170.2,6904.2,ad_platform_export,weekly,2024-06-11 09:00:00
2024-06-10,2024-06-16,North,Electronics,20725.49,6904.144285714286,15000,4009.2,4049.2,146.4,8204.9,ad_platform_export,weekly,2024-06-18 09:00:00
2024-06-17,2024-06-23,North,Electronics,5426.82,2258.714285714286,29000,3917.4,2188.5,284.1,6390.0,ad_platform_export,weekly,2024-06-25 09:00:00
2024-06-24,2024-06-30,North,Electronics,5283.22,1686.7585714285713,16000,3973.0,1755.3000000000002,161.2,5889.7,ad_platform_export,weekly,2024-07-02 09:00:00
2024-07-01,2024-07-07,North,Electronics,5505.59,1723.2685714285712,17000,4001.4,1816.0,162.0,5979.1,ad_platform_export,weekly,2024-07-09 09:00:00
2024-07-08,2024-07-14,North,Electronics,5176.74,1675.7685714285715,15000,4018.2,1694.0,152.2,5864.6,ad_platform_export,weekly,2024-07-16 09:00:00
2024-07-15,2024-07-21,North,Electronics,5475.24,1717.537142857143,16000,3922.5,1844.4,155.4,5922.2,ad_platform_export,weekly,2024-07-23 09:00:00
2024-07-22,2024-07-28,North,Electronics,5264.54,1677.9428571428573,23000,3947.7,1741.2,233.4,5922.2,ad_platform_export,weekly,2024-07-30 09:00:00
2024-07-29,2024-08-04,North,Electronics,6909.82,2077.58,20000,3807.5,2139.1,189.0,6135.5,ad_platform_export,weekly,2024-08-06 09:00:00
2024-08-05,2024-08-11,North,Electronics,6072.59,2036.2185714285713,20000,3684.3,2093.8,195.2,5973.2,ad_platform_export,weekly,2024-08-13 09:00:00
2024-08-12,2024-08-18,North,Electronics,5198.33,1661.042857142857,26000,3694.4,1792.8,255.6,5742.7,ad_platform_export,weekly,2024-08-20 09:00:00
2024-08-19,2024-08-25,North,Electronics,5236.4400000000005,1664.564285714286,17000,3802.2,1911.4,174.3,5887.8,ad_platform_export,weekly,2024-08-27 09:00:00
2024-08-26,2024-09-01,North,Electronics,5066.08,1626.9785714285715,22000,3572.7,1725.8,225.89999999999998,5524.4,ad_platform_export,weekly,2024-09-03 09:00:00
2024-09-02,2024-09-08,North,Electronics,5168.25,1627.472857142857,23000,3512.9,1799.6,234.0,5546.6,ad_platform_export,weekly,2024-09-10 09:00:00
2024-09-09,2024-09-15,North,Electronics,4946.24,1594.2014285714286,18000,3587.8,1810.3,184.5,5582.5,ad_platform_export,weekly,2024-09-17 09:00:00
2024-09-16,2024-09-22,North,Electronics,4976.55,1559.0114285714285,18000,3404.5,1739.1999999999998,183.1,5326.6,ad_platform_export,weekly,2024-09-24 09:00:00
2024-09-23,2024-09-29,North,Electronics,7017.89,2173.8414285714284,16000,3361.0,2221.2,160.2,5742.4,ad_platform_export,weekly,2024-10-01 09:00:00
2024-09-30,2024-10-06,North,Electronics,6131.51,1815.1828571428573,25000,3110.1,1923.9,247.0,5281.0,ad_platform_export,weekly,2024-10-08 09:00:00
2024-10-07,2024-10-13,North,Electronics,10937.43,3520.192857142857,16000,3292.9,2943.8,158.6,6395.4,ad_platform_export,weekly,2024-10-15 09:00:00
2024-10-14,2024-10-20,North,Electronics,4838.89,1679.0085714285713,16000,3067.9,1964.1999999999998,173.6,5205.8,ad_platform_export,weekly,2024-10-22 09:00:00
2024-10-21,2024-10-27,North,Electronics,4900.16,1557.3185714285714,29000,3266.6,1815.0,302.9,5384.3,ad_platform_export,weekly,2024-10-29 09:00:00
2024-10-28,2024-11-03,North,Electronics,4820.72,1537.467142857143,21000,3223.1,1739.9,207.8,5170.8,ad_platform_export,weekly,2024-11-05 09:00:00
2024-11-04,2024-11-10,North,Electronics,5001.36,1581.3328571428572,25000,3572.5,1716.8,228.1,5517.3,ad_platform_export,weekly,2024-11-12 09:00:00
2024-11-11,2024-11-17,North,Electronics,5462.03,1702.9842857142855,16000,4043.8999999999996,1768.7,154.8,5967.1,ad_platform_export,weekly,2024-11-19 09:00:00
2024-11-18,2024-11-24,North,Electronics,5922.0599999999995,1850.8,20000,4638.9,1823.8,199.3,6662.1,ad_platform_export,weekly,2024-11-26 09:00:00
2024-11-25,2024-12-01,North,Electronics,5671.02,1828.2485714285715,22000,4592.2,1800.8,221.7,6614.7,ad_platform_export,weekly,2024-12-03 09:00:00
2024-12-02,2024-12-08,North,Electronics,15388.740000000002,4272.118571428572,25000,4123.5,3126.6,239.79999999999998,7489.9,ad_platform_export,weekly,2024-12-10 09:00:00
2024-12-09,2024-12-15,North,Electronics,11630.28,3978.462857142857,20000,3501.5,3048.3,215.4,6765.0,ad_platform_export,weekly,2024-12-17 09:00:00
2024-12-16,2024-12-22,North,Electronics,8831.32,3091.7214285714285,22000,3014.3,2762.9,220.6,5998.0,ad_platform_export,weekly,2024-12-24 09:00:00
2024-12-23,2024-12-29,North,Electronics,4565.65,1542.685714285714,30000,2857.2,1823.4,312.6,4993.3,ad_platform_export,weekly,2024-12-31 09:00:00
2024-12-30,2025-01-05,North,Electronics,650.09,1445.79,2000,372.8,231.4,17.5,621.7,ad_platform_export,weekly,2025-01-07 09:00:00
2022-12-26,2023-01-01,North,Home,782.69,782.69,1000,1030.6,141.7,17.5,1189.8,ad_platform_export,weekly,2023-01-03 09:00:00
2023-01-02,2023-01-08,North,Home,5619.03,1624.5185714285715,21000,6662.6,1752.1,403.9,8818.6,ad_platform_export,weekly,2023-01-10 09:00:00
2023-01-09,2023-01-15,North,Home,5680.13,1787.32,19000,6200.7,1791.8,345.6,8338.0,ad_platform_export,weekly,2023-01-17 09:00:00
2023-01-16,2023-01-22,North,Home,5836.95,1819.4385714285713,26000,5542.0,1813.8,443.5,7799.3,ad_platform_export,weekly,2023-01-24 09:00:00
2023-01-23,2023-01-29,North,Home,5910.16,1900.857142857143,23000,5327.3,1949.9,315.40000000000003,7592.8,ad_platform_export,weekly,2023-01-31 09:00:00
2023-01-30,2023-02-05,North,Home,25538.34,7013.114285714286,23000,4849.4,3473.3,303.3,8626.0,ad_platform_export,weekly,2023-02-07 09:00:00
2023-02-06,2023-02-12,North,Home,5887.15,2953.0614285714287,26000,4688.4,2260.5,338.5,7287.2,ad_platform_export,weekly,2023-02-14 09:00:00
2023-02-13,2023-02-19,North,Home,5899.48,1880.2628571428572,24000,4366.5,1779.3,261.8,6407.7,ad_platform_export,weekly,2023-02-21 09:00:00
2023-02-20,2023-02-26,North,Home,5956.58,1884.3171428571427,20000,3969.6,1901.1,213.9,6084.5,ad_platform_export,weekly,2023-02-28 09:00:00
2023-02-27,2023-03-05,North,Home,6280.61,1990.6814285714286,16000,3868.2,1918.7,168.9,5955.7,ad_platform_export,weekly,2023-03-07 09:00:00
2023-03-06,2023-03-12,North,Home,6364.82,2000.02,23000,3786.2,1907.6,220.7,5914.7,ad_platform_export,weekly,2023-03-14 09:00:00
2023-03-13,2023-03-19,North,Home,12903.68,3723.5214285714287,27000,4158.2,2624.2,248.9,7031.4,ad_platform_export,weekly,2023-03-21 09:00:00
2023-03-20,2023-03-26,North,Home,10388.49,3608.9885714285715,15000,4147.1,2627.5,148.2,6922.7,ad_platform_export,weekly,2023-03-28 09:00:00
2023-03-27,2023-04-02,North,Home,6426.61,2087.324285714286,19000,4231.6,1932.8,187.9,6352.4,ad_platform_export,weekly,2023-04-04 09:00:00
2023-04-03,2023-04-09,North,Home,6280.32,2008.0414285714285,20000,4316.0,1898.8,201.0,6415.8,ad_platform_export,weekly,2023-04-11 09:00:00
2023-04-10,2023-04-16,North,Home,6256.64,1977.7014285714286,16000,4453.9,1776.0,163.8,6393.8,ad_platform_export,weekly,2023-04-18 09:00:00
2023-04-17,2023-04-23,North,Home,6478.18,2086.4157142857143,18000,4651.8,1840.3,176.7,6668.8,ad_platform_export,weekly,2023-04-25 09:00:00
2023-04-24,2023-04-30,North,Home,15237.220000000001,4276.99,19000,4630.9,2655.6,200.6,7487.1,ad_platform_export,weekly,2023-05-02 09:00:00
2023-05-01,2023-05-07,North,Home,17506.96,5617.928571428572,23000,4692.6,3029.5,236.60000000000002,7958.6,ad_platform_export,weekly,2023-05-09 09:00:00
2023-05-08,2023-05-14,North,Home,12455.53,4205.885714285714,15000,4740.7,2776.4,156.7,7673.9,ad_platform_export,weekly,2023-05-16 09:00:00
2023-05-15,2023-05-21,North,Home,6607.59,2311.57,20000,4816.4,1951.1,180.3,6947.9,ad_platform_export,weekly,2023-05-23 09:00:00
2023-05-22,2023-05-28,North,Home,6683.51,2118.08,25000,4847.6,1863.2,248.2,6958.9,ad_platform_export,weekly,2023-05-30 09:00:00
2023-05-29,2023-06-04,North,Home,6476.21,2069.554285714286,14000,4971.8,1885.6,144.2,7001.7,ad_platform_export,weekly,2023-06-06 09:00:00
2023-06-05,2023-06-11,North,Home,13301.3,3713.86,17000,4941.1,2529.5,173.9,7644.7,ad_platform_export,weekly,2023-06-13 09:00:00
2023-06-12,2023-06-18,North,Home,13363.79,4588.898571428572,22000,4880.5,2769.0,230.79999999999998,7880.0,ad_platform_export,weekly,2023-06-20 09:00:00
2023-06-19,2023-06-25,North,Home,6736.4,2273.6314285714284,16000,5057.0,1915.3,168.3,7140.4,ad_platform_export,weekly,2023-06-27 09:00:00
2023-06-26,2023-07-02,North,Home,6524.39,2103.412857142857,20000,4885.4,1812.2,185.9,6883.4,ad_platform_export,weekly,2023-07-04 09:00:00
2023-07-03,2023-07-09,North,Home,6543.86,2053.07,18000,5167.0,1844.8,181.3,7193.1,ad_platform_export,weekly,2023-07-11 09:00:00
2023-07-10,2023-07-16,North,Home,6509.2699999999995,2083.8171428571427,21000,4756.0,1862.9,216.7,6835.6,ad_platform_export,weekly,2023-07-18 09:00:00
2023-07-17,2023-07-23,North,Home,14479.77,4016.747142857143,12000,4697.2,2541.9,117.69999999999999,7357.0,ad_platform_export,weekly,2023-07-25 09:00:00
2023-07-24,2023-07-30,North,Home,15646.69,5223.448571428571,25000,4855.5,2957.0,258.0,8070.5,ad_platform_export,weekly,2023-08-01 09:00:00
2023-07-31,2023-08-06,North,Home,6797.429999999999,2470.871428571428,13000,4765.5,2058.0,135.3,6958.7,ad_platform_export,weekly,2023-08-08 09:00:00
2023-08-07,2023-08-13,North,Home,6560.33,2089.7214285714285,14000,4359.6,1818.1999999999998,137.4,6315.3,ad_platform_export,weekly,2023-08-15 09:00:00
2023-08-14,2023-08-20,North,Home,6456.3099999999995,2052.5885714285714,24000,4357.1,1903.4,247.89999999999998,6508.5,ad_platform_export,weekly,2023-08-22 09:00:00
2023-08-21,2023-08-27,North,Home,13844.29,3844.6685714285713,21000,4600.5,2556.4,209.3,7366.2,ad_platform_export,weekly,2023-08-29 09:00:00
2023-08-28,2023-09-03,North,Home,9369.57,3495.632857142857,18000,4573.4,2469.1,166.1,7208.8,ad_platform_export,weekly,2023-09-05 09:00:00
2023-09-04,2023-09-10,North,Home,13909.52,3896.5171428571434,25000,4333.8,2605.4,240.5,7179.6,ad_platform_export,weekly,2023-09-12 09:00:00
2023-09-11,2023-09-17,North,Home,12327.52,4391.717142857143,22000,4322.5,2702.8,238.8,7264.3,ad_platform_export,weekly,2023-09-19 09:00:00
2023-09-18,2023-09-24,North,Home,6304.47,2080.0185714285717,26000,4149.3,1950.0,256.3,6355.6,ad_platform_export,weekly,2023-09-26 09:00:00
2023-09-25,2023-10-01,North,Home,6333.16,2015.5085714285713,35000,4037.8,1931.0,386.3,6355.2,ad_platform_export,weekly,2023-10-03 09:00:00
2023-10-02,2023-10-08,North,Home,20436.84,5575.501428571429,21000,3953.1,3103.5,209.89999999999998,7266.4,ad_platform_export,weekly,2023-10-10 09:00:00
2023-10-09,2023-10-15,North,Home,17848.29,6313.63,21000,3855.6000000000004,3292.4,210.7,7358.7,ad_platform_export,weekly,2023-10-17 09:00:00
2023-10-16,2023-10-22,North,Home,6005.37,2182.7371428571428,22000,3891.9,1978.8,229.0,6099.5,ad_platform_export,weekly,2023-10-24 09:00:00
2023-10-23,2023-10-29,North,Home,6161.16,1934.7271428571428,15000,3837.6,1841.0,141.1,5820.1,ad_platform_export,weekly,2023-10-31 09:00:00
2023-10-30,2023-11-05,North,Home,6101.19,1935.3542857142857,27000,4070.9,1774.6,261.0,6106.4,ad_platform_export,weekly,2023-11-07 09:00:00
2023-11-06,2023-11-12,North,Home,6085.23,1949.1328571428571,29000,4401.599999999999,1782.4,288.8,6472.7,ad_platform_export,weekly,2023-11-14 09:00:00
2023-11-13,2023-11-19,North,Home,6639.91,2079.5385714285717,20000,5268.2,1838.2,179.4,7285.9,ad_platform_export,weekly,2023-11-21 09:00:00
2023-11-20,2023-11-26,North,Home,6890.24,2186.684285714286,18000,5620.0,1853.6,186.4,7660.099999999999,ad_platform_export,weekly,2023-11-28 09:00:00
2023-11-27,2023-12-03,North,Home,7187.88,2260.5614285714287,22000,5563.8,1927.8,230.7,7722.4,ad_platform_export,weekly,2023-12-05 09:00:00
2023-12-04,2023-12-10,North,Home,6217.8,2033.3357142857144,33000,5024.2,1773.0,320.0,7116.8,ad_platform_export,weekly,2023-12-12 09:00:00
2023-12-11,2023-12-17,North,Home,17828.29,5025.295714285714,33000,4121.5,3047.9,330.2,7499.2,ad_platform_export,weekly,2023-12-19 09:00:00
2023-12-18,2023-12-24,North,Home,8219.36,2988.214285714286,25000,3724.3,2335.0,259.5,6318.9,ad_platform_export,weekly,2023-12-26 09:00:00
2023-12-25,2023-12-31,North,Home,11205.56,3522.4871428571428,16000,3492.8,2648.7,159.0,6300.5,ad_platform_export,weekly,2024-01-02 09:00:00
2024-01-01,2024-01-07,North,Home,5834.52,2137.82,15000,3462.1,2027.6,143.9,5633.7,ad_platform_export,weekly,2024-01-09 09:00:00
2024-01-08,2024-01-14,North,Home,5812.5,1862.182857142857,17000,3448.3,1894.5,167.5,5510.4,ad_platform_export,weekly,2024-01-16 09:00:00
2024-01-15,2024-01-21,North,Home,12555.289999999999,3386.0800000000004,23000,3520.2,2442.2,242.2,6204.3,ad_platform_export,weekly,2024-01-23 09:00:00
2024-01-22,2024-01-28,North,Home,14278.01,4928.837142857143,23000,3634.8,2968.4,236.7,6839.8,ad_platform_export,weekly,2024-01-30 09:00:00
2024-01-29,2024-02-04,North,Home,5925.12,2068.75,22000,3633.8,1905.5,227.5,5766.6,ad_platform_export,weekly,2024-02-06 09:00:00
2024-02-05,2024-02-11,North,Home,5501.35,1761.027142857143,15000,3588.0,1804.2,148.4,5540.6,ad_platform_export,weekly,2024-02-13 09:00:00
2024-02-12,2024-02-18,North,Home,6067.41,1910.0628571428572,21000,3673.4,1854.5,198.1,5725.7,ad_platform_export,weekly,2024-02-20 09:00:00
2024-02-19,2024-02-25,North,Home,5993.88,1914.5042857142857,27000,3882.9,1862.3,259.09999999999997,6004.0,ad_platform_export,weekly,2024-02-27 09:00:00
2024-02-26,2024-03-03,North,Home,6404.39,2004.5171428571427,25000,3937.9,1838.6,246.6,6023.2,ad_platform_export,weekly,2024-03-05 09:00:00
2024-03-04,2024-03-10,North,Home,6236.12,1990.3342857142857,19000,3950.9,1845.1999999999998,192.79999999999998,5989.0,ad_platform_export,weekly,2024-03-12 09:00:00
2024-03-11,2024-03-17,North,Home,5945.71,1906.5557142857142,21000,4076.1000000000004,1789.7,195.4,6061.2,ad_platform_export,weekly,2024-03-19 09:00:00
2024-03-18,2024-03-24,North,Home,6535.52,2023.66,21000,4262.2,1895.6,201.1,6358.9,ad_platform_export,weekly,2024-03-26 09:00:00
2024-03-25,2024-03-31,North,Home,6117.17,1979.2542857142857,23000,4304.9,1903.7,237.5,6446.3,ad_platform_export,weekly,2024-04-02 09:00:00
2024-04-01,2024-04-07,North,Home,6281.18,1982.7914285714287,24000,4469.9,1787.9,237.6,6495.3,ad_platform_export,weekly,2024-04-09 09:00:00
2024-04-08,2024-04-14,North,Home,15313.2,4376.778571428572,21000,4505.2,2880.2,214.1,7599.5,ad_platform_export,weekly,2024-04-16 09:00:00
2024-04-15,2024-04-21,North,Home,10234.96,3684.2757142857145,21000,4475.8,2637.4,197.60000000000002,7311.1,ad_platform_export,weekly,2024-04-23 09:00:00
2024-04-22,2024-04-28,North,Home,6513.23,2088.0042857142857,17000,4591.0,1894.1,174.29999999999998,6659.5,ad_platform_export,weekly,2024-04-30 09:00:00
2024-04-29,2024-05-05,North,Home,6302.66,2014.3614285714284,23000,4584.5,1848.5,237.3,6670.3,ad_platform_export,weekly,2024-05-07 09:00:00
2024-05-06,2024-05-12,North,Home,6520.28,2079.8728571428574,17000,4736.0,1863.3,186.9,6786.2,ad_platform_export,weekly,2024-05-14 09:00:00
2024-05-13,2024-05-19,North,Home,20784.09,5542.352857142857,28000,4738.8,3080.7,276.0,8095.4,ad_platform_export,weekly,2024-05-21 09:00:00
2024-05-20,2024-05-26,North,Home,16718.48,6164.441428571428,30000,4963.1,3129.7,296.7,8389.3,ad_platform_export,weekly,2024-05-28 09:00:00
2024-05-27,2024-06-02,North,Home,8276.91,2517.3014285714285,13000,4895.9,1999.8,121.5,7017.1,ad_platform_export,weekly,2024-06-04 09:00:00
2024-06-03,2024-06-09,North,Home,26478.84,7217.928571428572,28000,4837.1,3348.3,269.0,8454.2,ad_platform_export,weekly,2024-06-11 09:00:00
2024-06-10,2024-06-16,North,Home,22994.95,8437.315714285714,27000,4955.1,3362.7,272.3,8589.9,ad_platform_export,weekly,2024-06-18 09:00:00
2024-06-17,2024-06-23,North,Home,10261.86,3116.5057142857145,23000,4969.3,2297.4,229.2,7496.0,ad_platform_export,weekly,2024-06-25 09:00:00
2024-06-24,2024-06-30,North,Home,18747.67,5781.885714285714,19000,5042.6,3028.5,184.2,8255.199999999999,ad_platform_export,weekly,2024-07-02 09:00:00
2024-07-01,2024-07-07,North,Home,8339.58,3288.575714285714,24000,4856.6,2298.2,244.6,7399.2,ad_platform_export,weekly,2024-07-09 09:00:00
2024-07-08,2024-07-14,North,Home,6056.8099999999995,1952.3385714285716,17000,4875.7,1749.8,176.1,6801.5,ad_platform_export,weekly,2024-07-16 09:00:00
2024-07-15,2024-07-21,North,Home,8549.470000000001,2425.75,27000,4782.9,1975.5,273.2,7031.7,ad_platform_export,weekly,2024-07-23 09:00:00
2024-07-22,2024-07-28,North,Home,13929.44,4217.3042857142855,20000,4895.6,2767.9,191.5,7855.1,ad_platform_export,weekly,2024-07-30 09:00:00
2024-07-29,2024-08-04,North,Home,20439.75,6221.135714285714,16000,4654.7,3257.9,151.8,8064.2,ad_platform_export,weekly,2024-08-06 09:00:00
2024-08-05,2024-08-11,North,Home,12447.09,4651.561428571428,17000,4608.7,2837.3,163.7,7609.7,ad_platform_export,weekly,2024-08-13 09:00:00
2024-08-12,2024-08-18,North,Home,6320.25,2061.48,14000,4460.1,1834.2,120.9,6415.3,ad_platform_export,weekly,2024-08-20 09:00:00
2024-08-19,2024-08-25,North,Home,6378.63,2044.4885714285715,20000,4451.1,1898.8000000000002,199.4,6549.5,ad_platform_export,weekly,2024-08-27 09:00:00
2024-08-26,2024-09-01,North,Home,6411.57,2023.4057142857143,14000,4524.4,1869.1,140.9,6534.4,ad_platform_export,weekly,2024-09-03 09:00:00
2024-09-02,2024-09-08,North,Home,6461.46,2039.1814285714286,14000,4329.0,1900.8000000000002,136.3,6366.1,ad_platform_export,weekly,2024-09-10 09:00:00
2024-09-09,2024-09-15,North,Home,6307.7,2020.2428571428572,21000,4231.8,1803.9,209.5,6245.2,ad_platform_export,weekly,2024-09-17 09:00:00
2024-09-16,2024-09-22,North,Home,10786.19,3150.2657142857142,14000,4136.0,2350.5,138.2,6624.9,ad_platform_export,weekly,2024-09-24 09:00:00
2024-09-23,2024-09-29,North,Home,7825.37,2749.407142857143,20000,4208.1,2232.7,191.8,6632.5,ad_platform_export,weekly,2024-10-01 09:00:00
2024-09-30,2024-10-06,North,Home,5931.32,1915.5,25000,4000.2,1881.8,260.6,6142.8,ad_platform_export,weekly,2024-10-08 09:00:00
2024-10-07,2024-10-13,North,Home,6127.24,1928.3485714285714,25000,3830.2999999999997,1817.9,261.1,5909.1,ad_platform_export,weekly,2024-10-15 09:00:00
2024-10-14,2024-10-20,North,Home,6077.12,1926.9742857142858,24000,3888.7,1896.1,219.3,6004.1,ad_platform_export,weekly,2024-10-22 09:00:00
2024-10-21,2024-10-27,North,Home,11272.630000000001,3249.371428571428,21000,3874.0,2459.3,202.2,6535.7,ad_platform_export,weekly,2024-10-29 09:00:00
2024-10-28,2024-11-03,North,Home,7941.43,2832.542857142857,19000,3870.8,2243.5,191.9,6306.3,ad_platform_export,weekly,2024-11-05 09:00:00
2024-11-04,2024-11-10,North,Home,6051.89,1948.967142857143,24000,4285.9,1768.9,250.4,6305.1,ad_platform_export,weekly,2024-11-12 09:00:00
2024-11-11,2024-11-17,North,Home,6651.21,2069.582857142857,17000,5260.7,1746.8,166.2,7173.6,ad_platform_export,weekly,2024-11-19 09:00:00
2024-11-18,2024-11-24,North,Home,15330.630000000001,4251.291428571429,25000,5899.3,2541.7,229.3,8670.4,ad_platform_export,weekly,2024-11-26 09:00:00
2024-11-25,2024-12-01,North,Home,14003.96,4923.984285714286,26000,5593.6,2755.3,254.3,8602.9,ad_platform_export,weekly,2024-12-03 09:00:00
2024-12-02,2024-12-08,North,Home,13303.83,3769.31,24000,4829.4,2397.6,238.6,7465.8,ad_platform_export,weekly,2024-12-10 09:00:00
2024-12-09,2024-12-15,North,Home,9393.2,3601.8657142857146,25000,4313.7,2467.4,260.3,7041.5,ad_platform_export,weekly,2024-12-17 09:00:00
2024-12-16,2024-12-22,North,Home,6133.95,1966.1657142857143,23000,3703.4,1943.7,221.0,5868.1,ad_platform_export,weekly,2024-12-24 09:00:00
2024-12-23,2024-12-29,North,Home,5608.6900000000005,1795.814285714286,22000,3550.6000000000004,1842.4,225.20000000000002,5617.9,ad_platform_export,weekly,2024-12-31 09:00:00
2024-12-30,2025-01-05,North,Home,829.46,1812.97,4000,465.5,248.4,44.2,758.2,ad_platform_export,weekly,2025-01-07 09:00:00
2022-12-26,2023-01-01,South,Apparel,1018.57,1018.57,3000,1362.8,252.9,51.7,1667.4,ad_platform_export,weekly,2023-01-03 09:00:00
2023-01-02,2023-01-08,South,Apparel,6560.66,1907.4642857142858,21000,7993.7,2564.7,408.9,10967.4,ad_platform_export,weekly,2023-01-10 09:00:00
2023-01-09,2023-01-15,South,Apparel,6954.25,2179.675714285714,26000,6830.6,2836.0,416.3,10082.8,ad_platform_export,weekly,2023-01-17 09:00:00
2023-01-16,2023-01-22,South,Apparel,7045.82,2229.102857142857,23000,6179.9,2907.3,340.5,9427.7,ad_platform_export,weekly,2023-01-24 09:00:00
2023-01-23,2023-01-29,South,Apparel,6914.09,2208.3414285714284,29000,5529.9,2824.0,350.1,8704.1,ad_platform_export,weekly,2023-01-31 09:00:00
2023-01-30,2023-02-05,South,Apparel,13637.25,3964.35,20000,4986.5,3649.1000000000004,220.1,8855.7,ad_platform_export,weekly,2023-02-07 09:00:00
2023-02-06,2023-02-12,South,Apparel,14623.5,4575.21,23000,4462.2,3897.5,235.6,8595.3,ad_platform_export,weekly,2023-02-14 09:00:00
2023-02-13,2023-02-19,South,Apparel,9105.64,3264.8771428571426,25000,4518.8,3216.1,247.6,7982.5,ad_platform_export,weekly,2023-02-21 09:00:00
2023-02-20,2023-02-26,South,Apparel,13609.75,3939.315714285714,18000,4707.7,3745.1,179.0,8631.6,ad_platform_export,weekly,2023-02-28 09:00:00
2023-02-27,2023-03-05,South,Apparel,10204.45,3612.424285714286,18000,4926.2,3521.9,175.5,8623.8,ad_platform_export,weekly,2023-03-07 09:00:00
2023-03-06,2023-03-12,South,Apparel,7175.26,2330.0242857142857,21000,5079.1,2809.7,208.1,8096.900000000001,ad_platform_export,weekly,2023-03-14 09:00:00
2023-03-13,2023-03-19,South,Apparel,16108.3,4464.205714285714,27000,5149.2,3678.6,272.7,9100.7,ad_platform_export,weekly,2023-03-21 09:00:00
2023-03-20,2023-03-26,South,Apparel,10858.05,4047.7771428571427,19000,5291.0,3645.1,177.9,9114.1,ad_platform_export,weekly,2023-03-28 09:00:00
2023-03-27,2023-04-02,South,Apparel,7344.17,2345.924285714286,21000,5146.900000000001,2842.4,226.8,8216.1,ad_platform_export,weekly,2023-04-04 09:00:00
2023-04-03,2023-04-09,South,Apparel,7396.65,2368.2371428571428,24000,5415.5,2860.2,225.6,8501.3,ad_platform_export,weekly,2023-04-11 09:00:00
2023-04-10,2023-04-16,South,Apparel,7498.82,2343.747142857143,14000,5929.8,2880.9,146.5,8957.5,ad_platform_export,weekly,2023-04-18 09:00:00
2023-04-17,2023-04-23,South,Apparel,12712.34,3361.0600000000004,23000,6133.6,3214.0,238.6,9586.1,ad_platform_export,weekly,2023-04-25 09:00:00
2023-04-24,2023-04-30,South,Apparel,17832.96,6184.155714285714,23000,5694.0,4200.7,232.6,10127.3,ad_platform_export,weekly,2023-05-02 09:00:00
2023-05-01,2023-05-07,South,Apparel,7854.79,2641.3957142857143,29000,5606.6,2847.6,280.6,8734.9,ad_platform_export,weekly,2023-05-09 09:00:00
2023-05-08,2023-05-14,South,Apparel,7796.049999999999,2486.6271428571426,22000,6059.0,2899.4,218.2,9176.5,ad_platform_export,weekly,2023-05-16 09:00:00
2023-05-15,2023-05-21,South,Apparel,7773.1,2444.4085714285716,23000,5670.6,2795.0,222.6,8688.2,ad_platform_export,weekly,2023-05-23 09:00:00
2023-05-22,2023-05-28,South,Apparel,7523.25,2412.7228571428573,23000,6100.6,2787.0,237.1,9124.5,ad_platform_export,weekly,2023-05-30 09:00:00
2023-05-29,2023-06-04,South,Apparel,15165.23,4005.4157142857143,21000,6073.5,3155.3999999999996,225.0,9453.6,ad_platform_export,weekly,2023-06-06 09:00:00
2023-06-05,2023-06-11,South,Apparel,33281.59,9838.354285714286,19000,5953.7,4801.0,190.8,10945.2,ad_platform_export,weekly,2023-06-13 09:00:00
2023-06-12,2023-06-18,South,Apparel,11129.960000000001,5028.678571428572,15000,6034.0,3611.0,141.4,9786.4,ad_platform_export,weekly,2023-06-20 09:00:00
2023-06-19,2023-06-25,South,Apparel,7577.64,2459.7157142857145,17000,6138.2,2792.1,155.1,9085.3,ad_platform_export,weekly,2023-06-27 09:00:00
2023-06-26,2023-07-02,South,Apparel,7712.469999999999,2438.2485714285717,35000,5948.4,2822.6,353.9,9124.7,ad_platform_export,weekly,2023-07-04 09:00:00
2023-07-03,2023-07-09,South,Apparel,7568.07,2410.0385714285717,24000,5930.6,2719.5,238.6,8888.9,ad_platform_export,weekly,2023-07-11 09:00:00
2023-07-10,2023-07-16,South,Apparel,7876.139999999999,2493.4914285714285,30000,5685.3,2805.2,292.4,8783.1,ad_platform_export,weekly,2023-07-18 09:00:00
2023-07-17,2023-07-23,South,Apparel,15124.67,4144.872857142857,23000,5927.7,3471.1,239.0,9637.7,ad_platform_export,weekly,2023-07-25 09:00:00
2023-07-24,2023-07-30,South,Apparel,18618.31,6071.251428571429,30000,6161.2,4251.1,306.7,10719.0,ad_platform_export,weekly,2023-08-01 09:00:00
2023-07-31,2023-08-06,South,Apparel,23081.690000000002,6979.497142857143,26000,5905.9,4277.1,273.8,10456.8,ad_platform_export,weekly,2023-08-08 09:00:00
2023-08-07,2023-08-13,South,Apparel,15557.65,5511.515714285714,23000,5746.0,3963.7000000000003,227.2,9936.7,ad_platform_export,weekly,2023-08-15 09:00:00
2023-08-14,2023-08-20,South,Apparel,7464.1,2650.672857142857,25000,5728.1,2930.2,253.3,8911.5,ad_platform_export,weekly,2023-08-22 09:00:00
2023-08-21,2023-08-27,South,Apparel,7885.38,2475.618571428571,31000,5640.6,2860.0,302.1,8802.8,ad_platform_export,weekly,2023-08-29 09:00:00
2023-08-28,2023-09-03,South,Apparel,7644.339999999999,2448.5485714285714,26000,5644.2,2851.7,258.7,8754.7,ad_platform_export,weekly,2023-09-05 09:00:00
2023-09-04,2023-09-10,South,Apparel,7611.59,2414.402857142857,23000,5299.3,2930.6,243.8,8474.0,ad_platform_export,weekly,2023-09-12 09:00:00
2023-09-11,2023-09-17,South,Apparel,26333.510000000002,6602.9800000000005,36000,4907.9,4018.7,359.4,9286.0,ad_platform_export,weekly,2023-09-19 09:00:00
2023-09-18,2023-09-24,South,Apparel,48150.19,15299.757142857143,12000,5080.4,5227.5,125.5,10433.4,ad_platform_export,weekly,2023-09-26 09:00:00
2023-09-25,2023-10-01,South,Apparel,7238.5599999999995,4030.2685714285717,23000,5120.6,3588.2,233.0,8941.4,ad_platform_export,weekly,2023-10-03 09:00:00
2023-10-02,2023-10-08,South,Apparel,7105.38,2295.9828571428575,18000,4805.6,2818.7999999999997,178.5,7802.900000000001,ad_platform_export,weekly,2023-10-10 09:00:00
2023-10-09,2023-10-15,South,Apparel,12531.86,3415.577142857143,24000,4775.9,3343.5,249.60000000000002,8369.1,ad_platform_export,weekly,2023-10-17 09:00:00
2023-10-16,2023-10-22,South,Apparel,19630.32,6104.4685714285715,26000,4722.0,4389.9,274.9,9386.9,ad_platform_export,weekly,2023-10-24 09:00:00
2023-10-23,2023-10-29,South,Apparel,7023.08,2936.197142857143,29000,4678.9,3258.0,296.6,8233.6,ad_platform_export,weekly,2023-10-31 09:00:00
2023-10-30,2023-11-05,South,Apparel,7100.95,2234.6614285714286,21000,4898.8,2844.8,202.0,7945.5,ad_platform_export,weekly,2023-11-07 09:00:00
2023-11-06,2023-11-12,South,Apparel,7472.71,2333.8771428571426,28000,5471.4,2726.8,272.6,8471.0,ad_platform_export,weekly,2023-11-14 09:00:00
2023-11-13,2023-11-19,South,Apparel,7921.33,2488.8914285714286,27000,6462.4,2677.8,271.0,9411.3,ad_platform_export,weekly,2023-11-21 09:00:00
2023-11-20,2023-11-26,South,Apparel,8119.95,2578.542857142857,17000,6985.0,2821.2,178.7,9984.8,ad_platform_export,weekly,2023-11-28 09:00:00
2023-11-27,2023-12-03,South,Apparel,8216.8,2606.042857142857,17000,7166.8,2851.1,157.8,10175.7,ad_platform_export,weekly,2023-12-05 09:00:00
2023-12-04,2023-12-10,South,Apparel,8255.14,2626.618571428571,22000,5813.5,2888.2,223.9,8925.5,ad_platform_export,weekly,2023-12-12 09:00:00
2023-12-11,2023-12-17,South,Apparel,7196.6,2330.4957142857143,25000,4961.0,2691.0,264.3,7916.1,ad_platform_export,weekly,2023-12-19 09:00:00
2023-12-18,2023-12-24,South,Apparel,6972.82,2241.3814285714284,26000,4406.7,2845.3,263.3,7515.4,ad_platform_export,weekly,2023-12-26 09:00:00
2023-12-25,2023-12-31,South,Apparel,6855.69,2173.4085714285716,17000,4350.8,2867.8,165.8,7384.4,ad_platform_export,weekly,2024-01-02 09:00:00
2024-01-01,2024-01-07,South,Apparel,7088.72,2249.7599999999998,16000,4135.4,2947.2,148.1,7230.6,ad_platform_export,weekly,2024-01-09 09:00:00
2024-01-08,2024-01-14,South,Apparel,6998.62,2230.532857142857,14000,4188.5,2922.4,134.1,7244.9,ad_platform_export,weekly,2024-01-16 09:00:00
2024-01-15,2024-01-21,South,Apparel,11915.76,3253.1585714285716,17000,4423.2,3245.8,176.39999999999998,7845.3,ad_platform_export,weekly,2024-01-23 09:00:00
2024-01-22,2024-01-28,South,Apparel,17351.670000000002,5435.175714285715,20000,4422.900000000001,4167.8,178.4,8768.8,ad_platform_export,weekly,2024-01-30 09:00:00
2024-01-29,2024-02-04,South,Apparel,8554.26,3282.7428571428572,23000,4347.1,3340.6,228.9,7916.6,ad_platform_export,weekly,2024-02-06 09:00:00
2024-02-05,2024-02-11,South,Apparel,7138.75,2296.0471428571427,20000,4493.2,2813.0,210.3,7516.4,ad_platform_export,weekly,2024-02-13 09:00:00
2024-02-12,2024-02-18,South,Apparel,7329.6,2312.308571428571,22000,4655.0,2872.3,220.0,7747.2,ad_platform_export,weekly,2024-02-20 09:00:00
2024-02-19,2024-02-25,South,Apparel,7230.38,2282.3785714285714,22000,4498.4,2872.4,204.6,7575.4,ad_platform_export,weekly,2024-02-27 09:00:00
2024-02-26,2024-03-03,South,Apparel,7306.71,2337.2057142857143,16000,4872.8,2802.2,167.6,7842.7,ad_platform_export,weekly,2024-03-05 09:00:00
2024-03-04,2024-03-10,South,Apparel,7186.110000000001,2273.43,30000,5055.6,2757.6,311.2,8124.400000000001,ad_platform_export,weekly,2024-03-12 09:00:00
2024-03-11,2024-03-17,South,Apparel,6925.97,2213.27,19000,5009.099999999999,2749.3,182.8,7941.200000000001,ad_platform_export,weekly,2024-03-19 09:00:00
2024-03-18,2024-03-24,South,Apparel,7511.27,2351.0600000000004,23000,5034.9,2805.4,224.4,8064.700000000001,ad_platform_export,weekly,2024-03-26 09:00:00
2024-03-25,2024-03-31,South,Apparel,7671.22,2439.664285714286,15000,5077.4,2800.7,143.9,8022.1,ad_platform_export,weekly,2024-04-02 09:00:00
2024-04-01,2024-04-07,South,Apparel,7485.83,2397.347142857143,26000,5327.2,2958.9,251.5,8537.7,ad_platform_export,weekly,2024-04-09 09:00:00
2024-04-08,2024-04-14,South,Apparel,7616.1900000000005,2407.902857142857,25000,5527.3,2830.9,256.4,8614.8,ad_platform_export,weekly,2024-04-16 09:00:00
2024-04-15,2024-04-21,South,Apparel,7515.54,2388.8942857142856,22000,5443.0,2868.1,212.10000000000002,8523.2,ad_platform_export,weekly,2024-04-23 09:00:00
2024-04-22,2024-04-28,South,Apparel,23804.58,6514.294285714285,31000,5595.4,4101.8,310.6,10007.5,ad_platform_export,weekly,2024-04-30 09:00:00
2024-04-29,2024-05-05,South,Apparel,13338.99,5184.584285714286,13000,5668.3,3884.2,141.3,9693.8,ad_platform_export,weekly,2024-05-07 09:00:00
2024-05-06,2024-05-12,South,Apparel,24111.44,6413.998571428571,19000,5709.2,4002.3,194.5,9905.9,ad_platform_export,weekly,2024-05-14 09:00:00
2024-05-13,2024-05-19,South,Apparel,26495.19,9284.81142857143,21000,6054.1,4542.0,214.9,10810.7,ad_platform_export,weekly,2024-05-21 09:00:00
2024-05-20,2024-05-26,South,Apparel,10597.060000000001,3420.684285714286,22000,6005.0,3186.0,215.5,9406.6,ad_platform_export,weekly,2024-05-28 09:00:00
2024-05-27,2024-06-02,South,Apparel,22552.93,6866.704285714286,18000,5756.9,4256.7,180.2,10193.7,ad_platform_export,weekly,2024-06-04 09:00:00
2024-06-03,2024-06-09,South,Apparel,17139.89,5578.265714285714,14000,5834.3,3955.1,139.7,9929.4,ad_platform_export,weekly,2024-06-11 09:00:00
2024-06-10,2024-06-16,South,Apparel,18397.87,5789.024285714286,21000,6135.9,3854.6,202.2,10192.8,ad_platform_export,weekly,2024-06-18 09:00:00
2024-06-17,2024-06-23,South,Apparel,7745.93,3037.777142857143,21000,6036.0,3040.0,219.0,9295.0,ad_platform_export,weekly,2024-06-25 09:00:00
2024-06-24,2024-06-30,South,Apparel,7763.28,2480.41,29000,6120.5,2816.8,257.2,9194.3,ad_platform_export,weekly,2024-07-02 09:00:00
2024-07-01,2024-07-07,South,Apparel,7567.51,2391.618571428571,19000,5817.3,2718.0,186.8,8722.1,ad_platform_export,weekly,2024-07-09 09:00:00
2024-07-08,2024-07-14,South,Apparel,7660.24,2451.5128571428572,20000,6174.5,2895.6,202.0,9272.0,ad_platform_export,weekly,2024-07-16 09:00:00
2024-07-15,2024-07-21,South,Apparel,7571.99,2408.6957142857145,22000,6073.2,2833.1,218.8,9125.2,ad_platform_export,weekly,2024-07-23 09:00:00
2024-07-22,2024-07-28,South,Apparel,9170.61,2632.1042857142857,23000,6175.5,2947.6,225.89999999999998,9349.1,ad_platform_export,weekly,2024-07-30 09:00:00
2024-07-29,2024-08-04,South,Apparel,16911.22,5315.0142857142855,22000,5773.6,3896.6,220.1,9890.3,ad_platform_export,weekly,2024-08-06 09:00:00
2024-08-05,2024-08-11,South,Apparel,7695.07,2723.4814285714283,15000,5755.1,3059.1,150.8,8964.9,ad_platform_export,weekly,2024-08-13 09:00:00
2024-08-12,2024-08-18,South,Apparel,7581.17,2444.9657142857145,22000,5651.099999999999,2909.2,213.2,8773.4,ad_platform_export,weekly,2024-08-20 09:00:00
2024-08-19,2024-08-25,South,Apparel,7589.12,2418.93,25000,5597.1,2966.0,244.79999999999998,8808.0,ad_platform_export,weekly,2024-08-27 09:00:00
2024-08-26,2024-09-01,South,Apparel,7646.6,2416.4828571428566,18000,5409.9,2934.8,186.7,8531.4,ad_platform_export,weekly,2024-09-03 09:00:00
2024-09-02,2024-09-08,South,Apparel,7699.89,2440.154285714286,24000,5430.0,2935.1,215.1,8580.3,ad_platform_export,weekly,2024-09-10 09:00:00
2024-09-09,2024-09-15,South,Apparel,7251.379999999999,2324.9114285714286,20000,5150.1,2820.4,198.8,8169.2,ad_platform_export,weekly,2024-09-17 09:00:00
2024-09-16,2024-09-22,South,Apparel,7461.15,2333.707142857143,25000,5145.3,2859.4,247.7,8252.3,ad_platform_export,weekly,2024-09-24 09:00:00
2024-09-23,2024-09-29,South,Apparel,8733.880000000001,2554.4742857142855,17000,5132.4,3072.4,159.4,8364.3,ad_platform_export,weekly,2024-10-01 09:00:00
2024-09-30,2024-10-06,South,Apparel,16942.35,5112.5314285714285,23000,4790.2,4144.3,264.1,9198.5,ad_platform_export,weekly,2024-10-08 09:00:00
2024-10-07,2024-10-13,South,Apparel,7273.5599999999995,2820.121428571429,24000,4827.3,3149.8,252.2,8229.5,ad_platform_export,weekly,2024-10-15 09:00:00
2024-10-14,2024-10-20,South,Apparel,7107.389999999999,2281.0685714285714,23000,4833.0,2805.3,223.5,7862.0,ad_platform_export,weekly,2024-10-22 09:00:00
2024-10-21,2024-10-27,South,Apparel,7325.83,2293.5842857142857,15000,4917.1,2788.7,156.2,7861.9,ad_platform_export,weekly,2024-10-29 09:00:00
2024-10-28,2024-11-03,South,Apparel,22082.989999999998,5713.954285714286,13000,4947.1,3738.4,139.3,8824.9,ad_platform_export,weekly,2024-11-05 09:00:00
2024-11-04,2024-11-10,South,Apparel,22108.600000000002,8097.872857142857,20000,5327.6,4372.2,209.3,9909.2,ad_platform_export,weekly,2024-11-12 09:00:00
2024-11-11,2024-11-17,South,Apparel,7703.9800000000005,2653.3742857142856,23000,6122.8,2826.6,241.2,9190.8,ad_platform_export,weekly,2024-11-19 09:00:00
2024-11-18,2024-11-24,South,Apparel,10541.48,3064.988571428571,25000,6857.0,3106.8,255.8,10219.7,ad_platform_export,weekly,2024-11-26 09:00:00
2024-11-25,2024-12-01,South,Apparel,11883.91,3975.84,24000,6941.9,3536.3999999999996,254.0,10732.4,ad_platform_export,weekly,2024-12-03 09:00:00
2024-12-02,2024-12-08,South,Apparel,7905.8,2595.348571428571,16000,6331.599999999999,2854.9,156.9,9343.3,ad_platform_export,weekly,2024-12-10 09:00:00
2024-12-09,2024-12-15,South,Apparel,7068.83,2303.15,23000,5154.2,2823.2,219.60000000000002,8197.0,ad_platform_export,weekly,2024-12-17 09:00:00
2024-12-16,2024-12-22,South,Apparel,7230.05,2252.9285714285716,19000,4599.7,2910.1,179.7,7689.6,ad_platform_export,weekly,2024-12-24 09:00:00
2024-12-23,2024-12-29,South,Apparel,7005.469999999999,2254.86,22000,4401.1,2931.3,217.29999999999998,7549.7,ad_platform_export,weekly,2024-12-31 09:00:00
2024-12-30,2025-01-05,South,Apparel,879.97,2057.44,2000,533.6,372.1,22.1,927.8,ad_platform_export,weekly,2025-01-07 09:00:00
2024-11-25,2024-12-01,South,Beauty,311.82,311.82,1379,773.2,202.5,32.0,1007.7,ad_platform_export,weekly,2024-12-03 09:00:00
2024-12-02,2024-12-08,South,Beauty,2182.74,311.82,7751,5425.6,1247.7,291.5,6964.7,ad_platform_export,weekly,2024-12-10 09:00:00
2024-12-09,2024-12-15,South,Beauty,2182.74,311.82,5490,5363.3,1357.7,263.4,6984.3,ad_platform_export,weekly,2024-12-17 09:00:00
2024-12-16,2024-12-22,South,Beauty,2182.74,311.82,6990,5275.7,1344.3,303.4,6923.5,ad_platform_export,weekly,2024-12-24 09:00:00
2024-12-23,2024-12-29,South,Beauty,2182.74,311.82,8343,5678.9,1237.1,274.7,7190.3,ad_platform_export,weekly,2024-12-31 09:00:00
2024-12-30,2025-01-05,South,Beauty,311.82,311.82,1387,859.2,174.2,46.5,1079.9,ad_platform_export,weekly,2025-01-07 09:00:00
2022-12-26,2023-01-01,South,Electronics,612.94,612.94,1000,754.3,117.5,21.9,893.6,ad_platform_export,weekly,2023-01-03 09:00:00
2023-01-02,2023-01-08,South,Electronics,4629.22,1312.7857142857142,21000,5015.4,1482.6,381.0,6879.0,ad_platform_export,weekly,2023-01-10 09:00:00
2023-01-09,2023-01-15,South,Electronics,4450.84,1440.597142857143,18000,4378.9,1577.4,310.7,6266.9,ad_platform_export,weekly,2023-01-17 09:00:00
2023-01-16,2023-01-22,South,Electronics,4680.95,1469.1971428571428,25000,3932.5,1542.8,374.2,5849.5,ad_platform_export,weekly,2023-01-24 09:00:00
2023-01-23,2023-01-29,South,Electronics,4330.5599999999995,1393.5557142857142,17000,3754.3,1564.4,238.7,5557.6,ad_platform_export,weekly,2023-01-31 09:00:00
2023-01-30,2023-02-05,South,Electronics,5260.91,1532.7271428571428,19000,3612.4,1670.2,248.2,5530.8,ad_platform_export,weekly,2023-02-07 09:00:00
2023-02-06,2023-02-12,South,Electronics,9951.05,2977.367142857143,22000,3381.6,2614.2,255.0,6250.8,ad_platform_export,weekly,2023-02-14 09:00:00
2023-02-13,2023-02-19,South,Electronics,4382.96,1698.25,19000,3065.7,1787.5,211.0,5064.3,ad_platform_export,weekly,2023-02-21 09:00:00
2023-02-20,2023-02-26,South,Electronics,7349.01,1922.9642857142858,18000,2992.5,1816.2,176.6,4985.5,ad_platform_export,weekly,2023-02-28 09:00:00
2023-02-27,2023-03-05,South,Electronics,17394.17,5298.168571428571,26000,2944.7,3439.6,257.4,6641.7,ad_platform_export,weekly,2023-03-07 09:00:00
2023-03-06,2023-03-12,South,Electronics,6934.96,2815.1257142857144,17000,3064.3,2332.6,158.6,5555.6,ad_platform_export,weekly,2023-03-14 09:00:00
2023-03-13,2023-03-19,South,Electronics,4581.05,1473.8357142857144,22000,3090.5,1507.3,237.6,4835.5,ad_platform_export,weekly,2023-03-21 09:00:00
2023-03-20,2023-03-26,South,Electronics,7311.12,1952.5414285714287,27000,3173.6,1857.4,264.7,5295.8,ad_platform_export,weekly,2023-03-28 09:00:00
2023-03-27,2023-04-02,South,Electronics,12393.42,4014.4857142857145,26000,3247.9,2931.7,276.8,6456.5,ad_platform_export,weekly,2023-04-04 09:00:00
2023-04-03,2023-04-09,South,Electronics,8600.7,2578.128571428572,25000,3148.2,2275.7,250.8,5674.6,ad_platform_export,weekly,2023-04-11 09:00:00
2023-04-10,2023-04-16,South,Electronics,8816.130000000001,3166.5242857142853,25000,3307.2,2436.9,236.5,5980.3,ad_platform_export,weekly,2023-04-18 09:00:00
2023-04-17,2023-04-23,South,Electronics,4628.55,1529.9785714285715,21000,3500.8,1525.1,203.8,5229.8,ad_platform_export,weekly,2023-04-25 09:00:00
2023-04-24,2023-04-30,South,Electronics,4733.4,1494.0042857142857,32000,3488.5,1507.8,332.9,5329.1,ad_platform_export,weekly,2023-05-02 09:00:00
2023-05-01,2023-05-07,South,Electronics,4808.62,1522.0071428571428,20000,3515.5,1486.8,195.8,5198.0,ad_platform_export,weekly,2023-05-09 09:00:00
2023-05-08,2023-05-14,South,Electronics,4965.59,1565.4885714285715,24000,3432.6,1524.1,247.1,5204.1,ad_platform_export,weekly,2023-05-16 09:00:00
2023-05-15,2023-05-21,South,Electronics,4879.84,1554.98,21000,3654.1,1493.7,201.0,5348.6,ad_platform_export,weekly,2023-05-23 09:00:00
2023-05-22,2023-05-28,South,Electronics,6365.6,1827.94,19000,3597.3999999999996,1689.3,180.8,5467.4,ad_platform_export,weekly,2023-05-30 09:00:00
2023-05-29,2023-06-04,South,Electronics,9156.529999999999,2953.325714285714,14000,3694.7,2248.5,148.5,6091.6,ad_platform_export,weekly,2023-06-06 09:00:00
2023-06-05,2023-06-11,South,Electronics,5054.58,1742.0742857142857,26000,3755.0,1686.8,263.9,5705.7,ad_platform_export,weekly,2023-06-13 09:00:00
2023-06-12,2023-06-18,South,Electronics,5708.98,1653.6042857142857,15000,3693.9,1581.3,147.60000000000002,5422.4,ad_platform_export,weekly,2023-06-20 09:00:00
2023-06-19,2023-06-25,South,Electronics,12218.0,3648.3328571428574,13000,3613.9,2736.6,135.8,6486.599999999999,ad_platform_export,weekly,2023-06-27 09:00:00
2023-06-26,2023-07-02,South,Electronics,9711.14,3140.1157142857146,17000,3722.8,2559.6,167.20000000000002,6449.6,ad_platform_export,weekly,2023-07-04 09:00:00
2023-07-03,2023-07-09,South,Electronics,17649.75,5246.742857142856,19000,3562.1,3380.6,185.9,7128.700000000001,ad_platform_export,weekly,2023-07-11 09:00:00
2023-07-10,2023-07-16,South,Electronics,14069.77,4772.035714285715,27000,3574.1000000000004,2970.3,276.4,6820.8,ad_platform_export,weekly,2023-07-18 09:00:00
2023-07-17,2023-07-23,South,Electronics,8475.81,3034.3414285714284,35000,3579.6,2424.4,347.7,6351.7,ad_platform_export,weekly,2023-07-25 09:00:00
2023-07-24,2023-07-30,South,Electronics,4949.21,1622.1685714285716,20000,3733.9,1599.5,187.1,5520.6,ad_platform_export,weekly,2023-08-01 09:00:00
2023-07-31,2023-08-06,South,Electronics,4931.58,1566.06,22000,3566.0,1597.9,223.60000000000002,5387.6,ad_platform_export,weekly,2023-08-08 09:00:00
2023-08-07,2023-08-13,South,Electronics,5012.3,1601.9585714285713,33000,3589.9,1606.1,337.9,5533.7,ad_platform_export,weekly,2023-08-15 09:00:00
2023-08-14,2023-08-20,South,Electronics,4920.14,1548.8971428571429,18000,3574.9,1539.9,184.2,5299.2,ad_platform_export,weekly,2023-08-22 09:00:00
2023-08-21,2023-08-27,South,Electronics,6453.02,1839.0585714285714,23000,3446.1,1810.1999999999998,231.8,5488.0,ad_platform_export,weekly,2023-08-29 09:00:00
2023-08-28,2023-09-03,South,Electronics,9230.3,2989.6385714285716,28000,3324.0,2426.8,286.8,6037.6,ad_platform_export,weekly,2023-09-05 09:00:00
2023-09-04,2023-09-10,South,Electronics,4759.79,1666.422857142857,23000,3301.2,1652.4,224.2,5177.9,ad_platform_export,weekly,2023-09-12 09:00:00
2023-09-11,2023-09-17,South,Electronics,4711.27,1509.8285714285714,27000,3344.3999999999996,1590.9,271.3,5206.6,ad_platform_export,weekly,2023-09-19 09:00:00
2023-09-18,2023-09-24,South,Electronics,4697.17,1493.5842857142857,17000,3135.5,1555.9,168.1,4859.5,ad_platform_export,weekly,2023-09-26 09:00:00
2023-09-25,2023-10-01,South,Electronics,9409.2,2631.187142857143,20000,3093.7000000000003,2294.3,192.2,5580.2,ad_platform_export,weekly,2023-10-03 09:00:00
2023-10-02,2023-10-08,South,Electronics,6633.73,2445.308571428571,20000,2938.2,2258.9,201.4,5398.5,ad_platform_export,weekly,2023-10-10 09:00:00
2023-10-09,2023-10-15,South,Electronics,4470.12,1448.0257142857142,18000,3020.7,1569.5,193.0,4783.2,ad_platform_export,weekly,2023-10-17 09:00:00
2023-10-16,2023-10-22,South,Electronics,4545.89,1442.3771428571429,17000,2869.9,1517.1,186.2,4573.099999999999,ad_platform_export,weekly,2023-10-24 09:00:00
2023-10-23,2023-10-29,South,Electronics,13509.56,3722.2542857142857,20000,2892.7,2731.1,192.4,5816.5,ad_platform_export,weekly,2023-10-31 09:00:00
2023-10-30,2023-11-05,South,Electronics,9272.35,3421.212857142857,29000,3028.5,2679.2,293.1,6000.7,ad_platform_export,weekly,2023-11-07 09:00:00
2023-11-06,2023-11-12,South,Electronics,4640.46,1533.3742857142859,25000,3397.4,1601.9,258.9,5258.3,ad_platform_export,weekly,2023-11-14 09:00:00
2023-11-13,2023-11-19,South,Electronics,5202.31,1629.05,23000,3983.1,1513.8,237.3,5734.2,ad_platform_export,weekly,2023-11-21 09:00:00
2023-11-20,2023-11-26,South,Electronics,6980.27,2027.2785714285715,20000,4267.6,1714.5,199.8,6182.0,ad_platform_export,weekly,2023-11-28 09:00:00
2023-11-27,2023-12-03,South,Electronics,9326.43,2934.7642857142855,17000,4184.6,2264.6,161.6,6610.8,ad_platform_export,weekly,2023-12-05 09:00:00
2023-12-04,2023-12-10,South,Electronics,4947.53,1800.8271428571427,17000,3712.1,1700.2,159.5,5571.7,ad_platform_export,weekly,2023-12-12 09:00:00
2023-12-11,2023-12-17,South,Electronics,4873.91,1551.0757142857144,24000,3246.0,1625.7,245.0,5116.4,ad_platform_export,weekly,2023-12-19 09:00:00
2023-12-18,2023-12-24,South,Electronics,4736.89,1517.4085714285716,17000,2769.9,1598.4,169.9,4538.1,ad_platform_export,weekly,2023-12-26 09:00:00
2023-12-25,2023-12-31,South,Electronics,15791.37,4632.7814285714285,17000,2689.1,3358.2999999999997,179.1,6226.3,ad_platform_export,weekly,2024-01-02 09:00:00
2024-01-01,2024-01-07,South,Electronics,4494.43,1812.4442857142858,17000,2628.5,1909.4,171.1,4708.7,ad_platform_export,weekly,2024-01-09 09:00:00
2024-01-08,2024-01-14,South,Electronics,4429.29,1412.4614285714285,22000,2632.2,1526.6,234.1,4392.8,ad_platform_export,weekly,2024-01-16 09:00:00
2024-01-15,2024-01-21,South,Electronics,7847.29,2134.7385714285715,26000,2641.3,2001.6,254.2,4896.7,ad_platform_export,weekly,2024-01-23 09:00:00
2024-01-22,2024-01-28,South,Electronics,12446.33,3866.9500000000003,22000,2692.8,2920.2,225.1,5838.3,ad_platform_export,weekly,2024-01-30 09:00:00
2024-01-29,2024-02-04,South,Electronics,4539.650000000001,1864.137142857143,35000,2771.2000000000003,1941.4,355.1,5067.5,ad_platform_export,weekly,2024-02-06 09:00:00
2024-02-05,2024-02-11,South,Electronics,4385.76,1403.3,30000,2824.8,1577.0,302.6,4704.3,ad_platform_export,weekly,2024-02-13 09:00:00
2024-02-12,2024-02-18,South,Electronics,4615.29,1462.3228571428572,23000,2843.5,1583.7,248.0,4675.3,ad_platform_export,weekly,2024-02-20 09:00:00
2024-02-19,2024-02-25,South,Electronics,4557.67,1448.5771428571427,16000,2876.1,1556.8,167.0,4600.0,ad_platform_export,weekly,2024-02-27 09:00:00
2024-02-26,2024-03-03,South,Electronics,4729.64,1490.8085714285714,18000,2967.6,1564.7,174.6,4706.9,ad_platform_export,weekly,2024-03-05 09:00:00
2024-03-04,2024-03-10,South,Electronics,4720.06,1507.1771428571428,22000,3111.9,1603.1,231.29999999999998,4946.3,ad_platform_export,weekly,2024-03-12 09:00:00
2024-03-11,2024-03-17,South,Electronics,4638.93,1470.3071428571427,19000,3134.1,1497.2,196.5,4827.7,ad_platform_export,weekly,2024-03-19 09:00:00
2024-03-18,2024-03-24,South,Electronics,4649.13,1484.0228571428572,14000,3173.4,1511.1,131.5,4815.9,ad_platform_export,weekly,2024-03-26 09:00:00
2024-03-25,2024-03-31,South,Electronics,4609.26,1464.9514285714286,18000,3198.6,1513.5,184.4,4896.5,ad_platform_export,weekly,2024-04-02 09:00:00
2024-04-01,2024-04-07,South,Electronics,5005.74,1570.9771428571428,17000,3193.9,1597.3,160.3,4951.7,ad_platform_export,weekly,2024-04-09 09:00:00
2024-04-08,2024-04-14,South,Electronics,4768.39,1519.3785714285714,28000,3329.0,1539.1,295.5,5163.4,ad_platform_export,weekly,2024-04-16 09:00:00
2024-04-15,2024-04-21,South,Electronics,4781.2699999999995,1516.2614285714285,13000,3371.1000000000004,1519.9,125.5,5016.6,ad_platform_export,weekly,2024-04-23 09:00:00
2024-04-22,2024-04-28,South,Electronics,4969.47,1565.4171428571428,17000,3480.7,1435.5,186.3,5102.3,ad_platform_export,weekly,2024-04-30 09:00:00
2024-04-29,2024-05-05,South,Electronics,8063.26,2116.3342857142857,13000,3510.5,1923.0,123.8,5557.5,ad_platform_export,weekly,2024-05-07 09:00:00
2024-05-06,2024-05-12,South,Electronics,23055.47,7006.284285714285,29000,3581.5,3815.7999999999997,304.6,7701.7,ad_platform_export,weekly,2024-05-14 09:00:00
2024-05-13,2024-05-19,South,Electronics,11634.4,3866.5957142857146,20000,3570.8,2825.9,205.9,6602.6,ad_platform_export,weekly,2024-05-21 09:00:00
2024-05-20,2024-05-26,South,Electronics,15282.49,5065.044285714285,17000,3655.1,3237.2,180.5,7073.0,ad_platform_export,weekly,2024-05-28 09:00:00
2024-05-27,2024-06-02,South,Electronics,4760.45,1880.7157142857143,20000,3691.9,1707.6,189.5,5588.8,ad_platform_export,weekly,2024-06-04 09:00:00
2024-06-03,2024-06-09,South,Electronics,4969.5,1579.2014285714286,28000,3753.6,1600.6,287.0,5641.0,ad_platform_export,weekly,2024-06-11 09:00:00
2024-06-10,2024-06-16,South,Electronics,4966.87,1569.0085714285713,24000,3840.7,1483.1,233.10000000000002,5557.0,ad_platform_export,weekly,2024-06-18 09:00:00
2024-06-17,2024-06-23,South,Electronics,4731.76,1527.5857142857144,22000,3622.7999999999997,1484.7,231.89999999999998,5339.4,ad_platform_export,weekly,2024-06-25 09:00:00
2024-06-24,2024-06-30,South,Electronics,5127.39,1593.9042857142856,15000,3934.3,1562.8,145.2,5642.2,ad_platform_export,weekly,2024-07-02 09:00:00
2024-07-01,2024-07-07,South,Electronics,5152.43,1646.5671428571427,16000,3634.0,1573.0,158.2,5365.2,ad_platform_export,weekly,2024-07-09 09:00:00
2024-07-08,2024-07-14,South,Electronics,4685.73,1502.3,24000,3747.8999999999996,1487.3999999999999,252.3,5487.3,ad_platform_export,weekly,2024-07-16 09:00:00
2024-07-15,2024-07-21,South,Electronics,4838.74,1561.1128571428574,25000,3613.0,1587.6,246.3,5447.2,ad_platform_export,weekly,2024-07-23 09:00:00
2024-07-22,2024-07-28,South,Electronics,4980.9,1562.3985714285716,24000,3587.0,1554.5,244.7,5386.4,ad_platform_export,weekly,2024-07-30 09:00:00
2024-07-29,2024-08-04,South,Electronics,10273.18,2953.691428571429,30000,3579.8,2420.0,312.8,6312.5,ad_platform_export,weekly,2024-08-06 09:00:00
2024-08-05,2024-08-11,South,Electronics,8012.06,2782.784285714286,25000,3599.5,2185.2,253.8,6038.4,ad_platform_export,weekly,2024-08-13 09:00:00
2024-08-12,2024-08-18,South,Electronics,6732.73,1866.2742857142857,28000,3471.2,1726.1999999999998,276.7,5473.9,ad_platform_export,weekly,2024-08-20 09:00:00
2024-08-19,2024-08-25,South,Electronics,18286.4,5407.812857142858,23000,3492.3,3288.7000000000003,229.60000000000002,7010.599999999999,ad_platform_export,weekly,2024-08-27 09:00:00
2024-08-26,2024-09-01,South,Electronics,4836.79,2254.6871428571426,23000,3350.3,1987.1999999999998,236.4,5574.0,ad_platform_export,weekly,2024-09-03 09:00:00
2024-09-02,2024-09-08,South,Electronics,4614.58,1493.9342857142856,20000,3260.3,1574.3,189.0,5023.5,ad_platform_export,weekly,2024-09-10 09:00:00
2024-09-09,2024-09-15,South,Electronics,4741.13,1486.7242857142858,24000,3229.3,1559.5,233.0,5021.9,ad_platform_export,weekly,2024-09-17 09:00:00
2024-09-16,2024-09-22,South,Electronics,4845.5,1539.6614285714284,27000,3114.3,1614.9,262.4,4991.8,ad_platform_export,weekly,2024-09-24 09:00:00
2024-09-23,2024-09-29,South,Electronics,12729.869999999999,3534.037142857143,22000,3050.5,2705.3,215.9,5971.5,ad_platform_export,weekly,2024-10-01 09:00:00
2024-09-30,2024-10-06,South,Electronics,11326.77,3966.77,20000,3015.9,2734.0,202.3,5952.3,ad_platform_export,weekly,2024-10-08 09:00:00
2024-10-07,2024-10-13,South,Electronics,4585.51,1601.7057142857143,22000,2925.2999999999997,1669.4,217.0,4811.8,ad_platform_export,weekly,2024-10-15 09:00:00
2024-10-14,2024-10-20,South,Electronics,4500.5,1438.064285714286,18000,2922.5,1612.7,183.9,4719.3,ad_platform_export,weekly,2024-10-22 09:00:00
2024-10-21,2024-10-27,South,Electronics,4508.84,1426.9485714285713,14000,2815.2,1536.7,154.1,4505.9,ad_platform_export,weekly,2024-10-29 09:00:00
2024-10-28,2024-11-03,South,Electronics,4562.2699999999995,1436.042857142857,27000,2875.3,1512.7,265.8,4654.1,ad_platform_export,weekly,2024-11-05 09:00:00
2024-11-04,2024-11-10,South,Electronics,8139.75,2329.6385714285716,15000,3304.2,2134.5,147.0,5585.5,ad_platform_export,weekly,2024-11-12 09:00:00
2024-11-11,2024-11-17,South,Electronics,7868.96,2679.781428571429,15000,3777.5,2228.7,151.7,6157.8,ad_platform_export,weekly,2024-11-19 09:00:00
2024-11-18,2024-11-24,South,Electronics,9917.7,2851.7428571428572,11000,4236.8,2117.3,113.5,6467.4,ad_platform_export,weekly,2024-11-26 09:00:00
2024-11-25,2024-12-01,South,Electronics,10947.93,3627.7242857142855,25000,4281.9,2542.5,258.2,7082.5,ad_platform_export,weekly,2024-12-03 09:00:00
2024-12-02,2024-12-08,South,Electronics,4976.86,1783.9657142857143,27000,3912.0,1764.8,260.7,5937.6,ad_platform_export,weekly,2024-12-10 09:00:00
2024-12-09,2024-12-15,South,Electronics,4855.99,1553.8242857142857,26000,3214.5,1611.6,263.3,5089.3,ad_platform_export,weekly,2024-12-17 09:00:00
2024-12-16,2024-12-22,South,Electronics,4697.44,1510.9471428571428,22000,2810.1,1632.9,225.1,4668.2,ad_platform_export,weekly,2024-12-24 09:00:00
2024-12-23,2024-12-29,South,Electronics,4510.99,1421.5628571428572,23000,2619.8,1589.7,237.5,4447.0,ad_platform_export,weekly,2024-12-31 09:00:00
2024-12-30,2025-01-05,South,Electronics,563.01,1371.88,0,342.1,224.2,0.0,566.3,ad_platform_export,weekly,2025-01-07 09:00:00
2022-12-26,2023-01-01,South,Home,669.59,669.59,2000,930.1,117.6,42.7,1090.5,ad_platform_export,weekly,2023-01-03 09:00:00
2023-01-02,2023-01-08,South,Home,5432.62,1530.3842857142859,26000,6145.5,1497.4,507.8,8150.7,ad_platform_export,weekly,2023-01-10 09:00:00
2023-01-09,2023-01-15,South,Home,5578.28,1765.9285714285713,22000,5543.1,1693.1000000000001,370.40000000000003,7606.6,ad_platform_export,weekly,2023-01-17 09:00:00
2023-01-16,2023-01-22,South,Home,8021.79,2213.9914285714285,18000,5153.9,1911.1,261.8,7326.7,ad_platform_export,weekly,2023-01-24 09:00:00
2023-01-23,2023-01-29,South,Home,16782.6,4843.402857142857,18000,5031.1,2900.7,254.4,8186.3,ad_platform_export,weekly,2023-01-31 09:00:00
2023-01-30,2023-02-05,South,Home,13472.77,4821.158571428571,19000,4502.7,2785.1,253.60000000000002,7541.5,ad_platform_export,weekly,2023-02-07 09:00:00
2023-02-06,2023-02-12,South,Home,5560.13,2051.8571428571427,15000,4182.1,1831.4,188.9,6202.4,ad_platform_export,weekly,2023-02-14 09:00:00
2023-02-13,2023-02-19,South,Home,5653.43,1790.3414285714284,17000,3951.5,1644.9,187.4,5783.7,ad_platform_export,weekly,2023-02-21 09:00:00
2023-02-20,2023-02-26,South,Home,5607.16,1761.462857142857,17000,3647.3,1639.5,170.0,5456.8,ad_platform_export,weekly,2023-02-28 09:00:00
2023-02-27,2023-03-05,South,Home,5976.08,1881.8585714285714,25000,3685.2000000000003,1679.8999999999999,259.4,5624.2,ad_platform_export,weekly,2023-03-07 09:00:00
2023-03-06,2023-03-12,South,Home,5278.07,1721.8385714285712,28000,3690.7999999999997,1575.8,299.6,5566.2,ad_platform_export,weekly,2023-03-14 09:00:00
2023-03-13,2023-03-19,South,Home,5643.36,1776.1557142857143,26000,3859.7,1601.9,280.9,5742.4,ad_platform_export,weekly,2023-03-21 09:00:00
2023-03-20,2023-03-26,South,Home,5495.69,1761.7728571428572,16000,3876.8,1591.5,159.1,5627.5,ad_platform_export,weekly,2023-03-28 09:00:00
2023-03-27,2023-04-02,South,Home,12837.22,3436.297142857143,32000,4025.9,2272.9,324.6,6623.4,ad_platform_export,weekly,2023-04-04 09:00:00
2023-04-03,2023-04-09,South,Home,10996.5,4031.6428571428573,22000,4141.9,2403.4,219.4,6764.6,ad_platform_export,weekly,2023-04-11 09:00:00
2023-04-10,2023-04-16,South,Home,17269.02,4707.155714285715,20000,4127.0,2563.9,210.5,6901.2,ad_platform_export,weekly,2023-04-18 09:00:00
2023-04-17,2023-04-23,South,Home,10488.77,4115.320000000001,23000,4186.2,2460.7,225.3,6872.2,ad_platform_export,weekly,2023-04-25 09:00:00
2023-04-24,2023-04-30,South,Home,5955.45,1946.452857142857,19000,4269.6,1649.8,205.5,6124.9,ad_platform_export,weekly,2023-05-02 09:00:00
2023-05-01,2023-05-07,South,Home,6095.9400000000005,1924.9614285714285,18000,4429.3,1638.9,167.7,6236.1,ad_platform_export,weekly,2023-05-09 09:00:00
2023-05-08,2023-05-14,South,Home,5948.34,1897.7371428571428,20000,4359.3,1623.4,193.7,6176.2,ad_platform_export,weekly,2023-05-16 09:00:00
2023-05-15,2023-05-21,South,Home,6208.76,1957.7557142857142,16000,4473.8,1594.7,175.8,6244.4,ad_platform_export,weekly,2023-05-23 09:00:00
2023-05-22,2023-05-28,South,Home,6169.82,1966.9057142857143,17000,4569.7,1608.5,171.7,6349.8,ad_platform_export,weekly,2023-05-30 09:00:00
2023-05-29,2023-06-04,South,Home,5987.01,1911.1685714285716,25000,4585.7,1611.4,254.8,6452.1,ad_platform_export,weekly,2023-06-06 09:00:00
2023-06-05,2023-06-11,South,Home,6222.37,1949.4371428571428,26000,4543.6,1652.0,272.8,6468.0,ad_platform_export,weekly,2023-06-13 09:00:00
2023-06-12,2023-06-18,South,Home,6250.51,1990.1399999999999,27000,4503.2,1674.4,249.7,6427.3,ad_platform_export,weekly,2023-06-20 09:00:00
2023-06-19,2023-06-25,South,Home,6266.68,1983.6114285714286,16000,4609.1,1707.6000000000001,160.0,6476.8,ad_platform_export,weekly,2023-06-27 09:00:00
2023-06-26,2023-07-02,South,Home,6823.28,2036.8500000000001,22000,4578.3,1696.2,221.4,6495.9,ad_platform_export,weekly,2023-07-04 09:00:00
2023-07-03,2023-07-09,South,Home,11399.880000000001,3459.41,24000,4589.9,2243.9,238.0,7071.799999999999,ad_platform_export,weekly,2023-07-11 09:00:00
2023-07-10,2023-07-16,South,Home,7024.91,2512.662857142857,19000,4527.7,2011.6000000000001,192.0,6731.2,ad_platform_export,weekly,2023-07-18 09:00:00
2023-07-17,2023-07-23,South,Home,5933.2,1911.282857142857,21000,4497.7,1566.0,198.8,6262.5,ad_platform_export,weekly,2023-07-25 09:00:00
2023-07-24,2023-07-30,South,Home,5691.5,1820.8157142857142,14000,4573.6,1584.0,138.9,6296.4,ad_platform_export,weekly,2023-08-01 09:00:00
2023-07-31,2023-08-06,South,Home,11171.060000000001,2930.12,20000,4418.3,1965.4,180.9,6564.4,ad_platform_export,weekly,2023-08-08 09:00:00
2023-08-07,2023-08-13,South,Home,13543.15,4776.505714285714,24000,4267.6,2626.8,234.4,7129.0,ad_platform_export,weekly,2023-08-15 09:00:00
2023-08-14,2023-08-20,South,Home,5837.44,1968.3328571428572,22000,4089.0,1733.5,233.6,6056.0,ad_platform_export,weekly,2023-08-22 09:00:00
2023-08-21,2023-08-27,South,Home,5962.72,1898.5742857142857,25000,4254.0,1607.3,234.6,6095.7,ad_platform_export,weekly,2023-08-29 09:00:00
2023-08-28,2023-09-03,South,Home,5673.63,1811.1814285714286,22000,4075.4,1664.5,227.3,5967.2,ad_platform_export,weekly,2023-09-05 09:00:00
2023-09-04,2023-09-10,South,Home,5958.78,1895.1699999999998,21000,3937.0,1655.4,201.39999999999998,5794.1,ad_platform_export,weekly,2023-09-12 09:00:00
2023-09-11,2023-09-17,South,Home,5981.85,1890.2442857142855,19000,3861.4,1626.6,189.0,5677.0,ad_platform_export,weekly,2023-09-19 09:00:00
2023-09-18,2023-09-24,South,Home,5585.22,1780.5314285714287,26000,3849.1,1648.6,267.0,5764.6,ad_platform_export,weekly,2023-09-26 09:00:00
2023-09-25,2023-10-01,South,Home,5434.21,1752.782857142857,18000,3731.0,1599.7,177.6,5508.4,ad_platform_export,weekly,2023-10-03 09:00:00
2023-10-02,2023-10-08,South,Home,5606.76,1752.212857142857,24000,3759.7,1580.1,233.5,5573.0,ad_platform_export,weekly,2023-10-10 09:00:00
2023-10-09,2023-10-15,South,Home,11696.26,3328.174285714286,17000,3645.3,2360.3,183.9,6189.7,ad_platform_export,weekly,2023-10-17 09:00:00
2023-10-16,2023-10-22,South,Home,21672.95,6397.168571428571,18000,3509.2,3253.8999999999996,180.20000000000002,6943.2,ad_platform_export,weekly,2023-10-24 09:00:00
2023-10-23,2023-10-29,South,Home,16904.18,5728.14,15000,3709.8,2927.0,144.6,6781.3,ad_platform_export,weekly,2023-10-31 09:00:00
2023-10-30,2023-11-05,South,Home,15089.67,4780.028571428571,20000,3734.7,2748.3,211.39999999999998,6694.0,ad_platform_export,weekly,2023-11-07 09:00:00
2023-11-06,2023-11-12,South,Home,8561.09,3205.79,24000,4152.3,2336.1,223.0,6711.4,ad_platform_export,weekly,2023-11-14 09:00:00
2023-11-13,2023-11-19,South,Home,6094.81,1947.91,20000,4781.3,1638.8,193.8,6613.7,ad_platform_export,weekly,2023-11-21 09:00:00
2023-11-20,2023-11-26,South,Home,6675.13,2069.0071428571428,25000,5153.6,1652.0,239.9,7045.6,ad_platform_export,weekly,2023-11-28 09:00:00
2023-11-27,2023-12-03,South,Home,22708.32,6351.648571428572,24000,5157.0,3066.0,240.60000000000002,8463.8,ad_platform_export,weekly,2023-12-05 09:00:00
2023-12-04,2023-12-10,South,Home,13056.63,4970.507142857144,20000,4506.7,2584.8,205.1,7296.6,ad_platform_export,weekly,2023-12-12 09:00:00
2023-12-11,2023-12-17,South,Home,5745.7,1926.527142857143,24000,3812.2,1724.1,248.3,5784.9,ad_platform_export,weekly,2023-12-19 09:00:00
2023-12-18,2023-12-24,South,Home,5495.46,1754.0214285714285,16000,3523.4,1639.8,170.9,5334.1,ad_platform_export,weekly,2023-12-26 09:00:00
2023-12-25,2023-12-31,South,Home,5542.73,1758.0914285714284,28000,3172.6,1674.0,270.1,5117.0,ad_platform_export,weekly,2024-01-02 09:00:00
2024-01-01,2024-01-07,South,Home,5696.110000000001,1783.2357142857143,12000,3224.7,1682.7,127.3,5034.4,ad_platform_export,weekly,2024-01-09 09:00:00
2024-01-08,2024-01-14,South,Home,5408.85,1735.547142857143,24000,3286.7,1657.4,232.4,5176.7,ad_platform_export,weekly,2024-01-16 09:00:00
2024-01-15,2024-01-21,South,Home,5279.47,1690.6314285714286,20000,3182.2,1600.6,200.0,4982.9,ad_platform_export,weekly,2024-01-23 09:00:00
2024-01-22,2024-01-28,South,Home,7752.86,2053.1157142857146,17000,3346.8,1770.3,163.5,5280.2,ad_platform_export,weekly,2024-01-30 09:00:00
2024-01-29,2024-02-04,South,Home,22317.03,6564.072857142857,23000,3297.7,3081.0,236.8,6615.6,ad_platform_export,weekly,2024-02-06 09:00:00
2024-02-05,2024-02-11,South,Home,21115.88,6805.604285714287,22000,3409.3999999999996,3259.6,216.6,6885.5,ad_platform_export,weekly,2024-02-13 09:00:00
2024-02-12,2024-02-18,South,Home,9990.82,3926.2914285714287,19000,3597.9,2404.6,195.7,6198.1,ad_platform_export,weekly,2024-02-20 09:00:00
2024-02-19,2024-02-25,South,Home,8159.08,2366.9014285714284,21000,3573.5,1938.5,199.2,5711.2,ad_platform_export,weekly,2024-02-27 09:00:00
2024-02-26,2024-03-03,South,Home,11621.32,3639.9300000000003,15000,3708.9,2485.3,142.2,6336.5,ad_platform_export,weekly,2024-03-05 09:00:00
2024-03-04,2024-03-10,South,Home,6554.5,2412.6185714285716,21000,3637.0,1859.5,190.5,5687.1,ad_platform_export,weekly,2024-03-12 09:00:00
2024-03-11,2024-03-17,South,Home,5769.28,1828.2471428571428,20000,3715.6,1619.5,190.0,5525.3,ad_platform_export,weekly,2024-03-19 09:00:00
2024-03-18,2024-03-24,South,Home,11748.6,2901.8457142857146,25000,3836.9,1952.7,253.3,6042.9,ad_platform_export,weekly,2024-03-26 09:00:00
2024-03-25,2024-03-31,South,Home,26519.74,8094.605714285714,21000,3945.3999999999996,3126.0,222.8,7294.2,ad_platform_export,weekly,2024-04-02 09:00:00
2024-04-01,2024-04-07,South,Home,8812.33,3909.8299999999995,11000,4010.3,2329.6,104.1,6444.2,ad_platform_export,weekly,2024-04-09 09:00:00
2024-04-08,2024-04-14,South,Home,6106.64,1945.3257142857144,28000,4047.6,1603.4,292.2,5943.3,ad_platform_export,weekly,2024-04-16 09:00:00
2024-04-15,2024-04-21,South,Home,6097.28,1941.5114285714285,21000,4265.0,1676.8,210.4,6152.4,ad_platform_export,weekly,2024-04-23 09:00:00
2024-04-22,2024-04-28,South,Home,5867.43,1896.4871428571428,16000,4264.4,1645.2,152.5,6062.3,ad_platform_export,weekly,2024-04-30 09:00:00
2024-04-29,2024-05-05,South,Home,6079.72,1881.087142857143,28000,4343.7,1625.9,276.2,6245.7,ad_platform_export,weekly,2024-05-07 09:00:00
2024-05-06,2024-05-12,South,Home,6003.98,1938.782857142857,25000,4411.5,1646.1,245.5,6303.1,ad_platform_export,weekly,2024-05-14 09:00:00
2024-05-13,2024-05-19,South,Home,5857.46,1849.4971428571428,21000,4336.7,1638.9,205.8,6181.5,ad_platform_export,weekly,2024-05-21 09:00:00
2024-05-20,2024-05-26,South,Home,17569.18,4573.0085714285715,28000,4604.1,2592.0,283.3,7479.5,ad_platform_export,weekly,2024-05-28 09:00:00
2024-05-27,2024-06-02,South,Home,15965.56,5928.935714285714,27000,4421.9,2940.8,270.70000000000005,7633.2,ad_platform_export,weekly,2024-06-04 09:00:00
2024-06-03,2024-06-09,South,Home,5979.06,2039.9414285714286,20000,4636.3,1635.3,202.5,6473.9,ad_platform_export,weekly,2024-06-11 09:00:00
2024-06-10,2024-06-16,South,Home,6123.14,1933.82,19000,4553.6,1657.4,191.9,6403.2,ad_platform_export,weekly,2024-06-18 09:00:00
2024-06-17,2024-06-23,South,Home,6122.79,1939.3899999999999,20000,4598.0,1632.0,197.7,6427.6,ad_platform_export,weekly,2024-06-25 09:00:00
2024-06-24,2024-06-30,South,Home,6194.25,1989.3828571428571,26000,4495.9,1622.3,253.3,6371.5,ad_platform_export,weekly,2024-07-02 09:00:00
2024-07-01,2024-07-07,South,Home,7946.93,2260.115714285714,20000,4454.5,1775.4,200.5,6430.4,ad_platform_export,weekly,2024-07-09 09:00:00
2024-07-08,2024-07-14,South,Home,10720.84,3551.094285714286,21000,4312.2,2401.8,198.7,6912.5,ad_platform_export,weekly,2024-07-16 09:00:00
2024-07-15,2024-07-21,South,Home,6093.72,2027.8328571428572,14000,4599.9,1709.2,148.8,6457.8,ad_platform_export,weekly,2024-07-23 09:00:00
2024-07-22,2024-07-28,South,Home,5987.83,1917.9885714285715,20000,4390.3,1693.7,201.9,6286.1,ad_platform_export,weekly,2024-07-30 09:00:00
2024-07-29,2024-08-04,South,Home,6077.88,1925.2214285714285,23000,4506.0,1624.8,226.1,6356.9,ad_platform_export,weekly,2024-08-06 09:00:00
2024-08-05,2024-08-11,South,Home,6015.03,1916.6157142857141,19000,4266.3,1660.9,194.0,6121.0,ad_platform_export,weekly,2024-08-13 09:00:00
2024-08-12,2024-08-18,South,Home,5855.12,1872.7914285714287,16000,4186.8,1681.7,149.2,6017.8,ad_platform_export,weekly,2024-08-20 09:00:00
2024-08-19,2024-08-25,South,Home,5924.78,1860.5785714285714,16000,4062.8,1607.5,143.9,5814.2,ad_platform_export,weekly,2024-08-27 09:00:00
2024-08-26,2024-09-01,South,Home,5765.09,1838.1285714285714,20000,4295.3,1580.6,201.4,6077.4,ad_platform_export,weekly,2024-09-03 09:00:00
2024-09-02,2024-09-08,South,Home,6612.57,1990.1299999999999,23000,3968.4,1751.0,222.6,5941.9,ad_platform_export,weekly,2024-09-10 09:00:00
2024-09-09,2024-09-15,South,Home,7384.98,2432.5014285714287,20000,3986.0,1947.3,199.9,6133.4,ad_platform_export,weekly,2024-09-17 09:00:00
2024-09-16,2024-09-22,South,Home,11943.24,3371.7242857142855,17000,3937.1000000000004,2324.8,183.9,6445.8,ad_platform_export,weekly,2024-09-24 09:00:00
2024-09-23,2024-09-29,South,Home,11920.43,4084.2742857142853,29000,3822.9,2524.7,283.8,6631.5,ad_platform_export,weekly,2024-10-01 09:00:00
2024-09-30,2024-10-06,South,Home,5709.09,1956.6142857142856,16000,3723.6,1729.0,155.4,5608.0,ad_platform_export,weekly,2024-10-08 09:00:00
2024-10-07,2024-10-13,South,Home,5798.08,1831.6057142857142,22000,3636.6,1666.7,217.10000000000002,5520.3,ad_platform_export,weekly,2024-10-15 09:00:00
2024-10-14,2024-10-20,South,Home,5622.6,1803.0128571428572,23000,3551.6,1657.6,230.2,5439.3,ad_platform_export,weekly,2024-10-22 09:00:00
2024-10-21,2024-10-27,South,Home,5643.56,1790.8528571428571,19000,3538.1,1674.5,186.8,5399.2,ad_platform_export,weekly,2024-10-29 09:00:00
2024-10-28,2024-11-03,South,Home,5553.97,1749.0842857142857,14000,3696.0,1624.1,131.2,5451.2,ad_platform_export,weekly,2024-11-05 09:00:00
2024-11-04,2024-11-10,South,Home,15229.36,4241.814285714286,21000,4141.2,2510.9,211.8,6863.8,ad_platform_export,weekly,2024-11-12 09:00:00
2024-11-11,2024-11-17,South,Home,10922.91,3971.8185714285714,15000,4695.5,2335.0,141.8,7172.4,ad_platform_export,weekly,2024-11-19 09:00:00
2024-11-18,2024-11-24,South,Home,6420.73,2116.2785714285715,18000,5219.0,1677.4,170.8,7067.3,ad_platform_export,weekly,2024-11-26 09:00:00
2024-11-25,2024-12-01,South,Home,27026.420000000002,7452.255714285714,21000,5134.7,2964.9,204.9,8304.5,ad_platform_export,weekly,2024-12-03 09:00:00
2024-12-02,2024-12-08,South,Home,21682.16,7317.849999999999,27000,4670.6,3203.9,277.6,8152.200000000001,ad_platform_export,weekly,2024-12-10 09:00:00
2024-12-09,2024-12-15,South,Home,25272.239999999998,7863.585714285714,17000,3991.0,3450.1,171.6,7612.7,ad_platform_export,weekly,2024-12-17 09:00:00
2024-12-16,2024-12-22,South,Home,11538.9,4469.085714285714,15000,3616.0,2593.2,143.7,6352.8,ad_platform_export,weekly,2024-12-24 09:00:00
2024-12-23,2024-12-29,South,Home,5682.12,1860.2914285714285,27000,3184.5,1736.1,253.4,5173.9,ad_platform_export,weekly,2024-12-31 09:00:00
2024-12-30,2025-01-05,South,Home,762.72,1797.87,7000,457.5,239.8,66.6,763.9,ad_platform_export,weekly,2025-01-07 09:00:00
2022-12-26,2023-01-01,West,Apparel,871.85,871.85,2000,1354.7,213.5,35.3,1603.6,ad_platform_export,weekly,2023-01-03 09:00:00
2023-01-02,2023-01-08,West,Apparel,6421.21,1844.4542857142858,26000,7346.4,2318.4,432.6,10097.3,ad_platform_export,weekly,2023-01-10 09:00:00
2023-01-09,2023-01-15,West,Apparel,6534.86,2058.671428571429,22000,6746.1,2562.7,366.7,9675.7,ad_platform_export,weekly,2023-01-17 09:00:00
2023-01-16,2023-01-22,West,Apparel,6410.8099999999995,2039.4828571428573,18000,6112.0,2582.7,273.7,8968.5,ad_platform_export,weekly,2023-01-24 09:00:00
2023-01-23,2023-01-29,West,Apparel,11356.68,3177.414285714286,20000,5519.400000000001,3022.8,275.8,8818.1,ad_platform_export,weekly,2023-01-31 09:00:00
2023-01-30,2023-02-05,West,Apparel,8989.81,3259.2714285714287,17000,5028.1,3139.1,198.4,8365.7,ad_platform_export,weekly,2023-02-07 09:00:00
2023-02-06,2023-02-12,West,Apparel,11615.08,3509.7599999999998,20000,4352.4,3295.7,203.2,7851.3,ad_platform_export,weekly,2023-02-14 09:00:00
2023-02-13,2023-02-19,West,Apparel,6736.25,2330.1614285714286,21000,4122.6,2712.1,217.10000000000002,7052.0,ad_platform_export,weekly,2023-02-21 09:00:00
2023-02-20,2023-02-26,West,Apparel,6476.23,2069.7485714285713,26000,4508.1,2617.5,248.7,7374.4,ad_platform_export,weekly,2023-02-28 09:00:00
2023-02-27,2023-03-05,West,Apparel,6880.9800000000005,2148.8814285714284,23000,4632.0,2518.8,221.5,7372.2,ad_platform_export,weekly,2023-03-07 09:00:00
2023-03-06,2023-03-12,West,Apparel,6794.7,2166.8128571428574,29000,4624.2,2538.4,278.2,7440.9,ad_platform_export,weekly,2023-03-14 09:00:00
2023-03-13,2023-03-19,West,Apparel,6784.45,2151.382857142857,19000,4598.6,2496.2,195.39999999999998,7290.0,ad_platform_export,weekly,2023-03-21 09:00:00
2023-03-20,2023-03-26,West,Apparel,6959.96,2222.867142857143,17000,4947.1,2544.1,158.0,7649.3,ad_platform_export,weekly,2023-03-28 09:00:00
2023-03-27,2023-04-02,West,Apparel,7332.27,2296.2214285714285,20000,4845.7,2551.2,193.70000000000002,7590.700000000001,ad_platform_export,weekly,2023-04-04 09:00:00
2023-04-03,2023-04-09,West,Apparel,7230.29,2285.3114285714287,28000,5176.3,2545.0,305.9,8026.9,ad_platform_export,weekly,2023-04-11 09:00:00
2023-04-10,2023-04-16,West,Apparel,6939.18,2242.592857142857,18000,5744.4,2592.6,169.5,8506.5,ad_platform_export,weekly,2023-04-18 09:00:00
2023-04-17,2023-04-23,West,Apparel,7298.4,2280.39,12000,5606.8,2399.5,119.50000000000001,8125.6,ad_platform_export,weekly,2023-04-25 09:00:00
2023-04-24,2023-04-30,West,Apparel,7179.459999999999,2295.0271428571427,23000,5268.5,2574.9,225.7,8069.0,ad_platform_export,weekly,2023-05-02 09:00:00
2023-05-01,2023-05-07,West,Apparel,7358.28,2311.577142857143,18000,5207.4,2527.7,171.4,7906.6,ad_platform_export,weekly,2023-05-09 09:00:00
2023-05-08,2023-05-14,West,Apparel,7099.73,2273.0514285714285,16000,5423.2,2465.5,153.3,8042.2,ad_platform_export,weekly,2023-05-16 09:00:00
2023-05-15,2023-05-21,West,Apparel,7440.12,2346.117142857143,22000,5391.0,2614.5,220.3,8225.8,ad_platform_export,weekly,2023-05-23 09:00:00
2023-05-22,2023-05-28,West,Apparel,7108.88,2275.7514285714287,18000,5574.7,2423.0,177.6,8175.3,ad_platform_export,weekly,2023-05-30 09:00:00
2023-05-29,2023-06-04,West,Apparel,7401.19,2323.8785714285714,22000,5647.5,2497.3,206.9,8351.8,ad_platform_export,weekly,2023-06-06 09:00:00
2023-06-05,2023-06-11,West,Apparel,7438.150000000001,2368.7014285714286,21000,5625.7,2518.3,221.8,8365.9,ad_platform_export,weekly,2023-06-13 09:00:00
2023-06-12,2023-06-18,West,Apparel,7460.87,2385.82,21000,5355.5,2601.7,211.9,8169.1,ad_platform_export,weekly,2023-06-20 09:00:00
2023-06-19,2023-06-25,West,Apparel,22709.89,6052.411428571429,26000,5707.5,3597.1,265.3,9569.9,ad_platform_export,weekly,2023-06-27 09:00:00
2023-06-26,2023-07-02,West,Apparel,24135.07,7897.64,23000,5535.8,4316.5,238.89999999999998,10091.0,ad_platform_export,weekly,2023-07-04 09:00:00
2023-07-03,2023-07-09,West,Apparel,24578.04,7751.2,24000,5557.1,4208.8,230.1,9996.1,ad_platform_export,weekly,2023-07-11 09:00:00
2023-07-10,2023-07-16,West,Apparel,9552.56,3973.905714285714,19000,5566.4,3120.3,207.0,8893.7,ad_platform_export,weekly,2023-07-18 09:00:00
2023-07-17,2023-07-23,West,Apparel,7195.54,2304.61,23000,5333.0,2643.4,249.2,8225.3,ad_platform_export,weekly,2023-07-25 09:00:00
2023-07-24,2023-07-30,West,Apparel,7052.83,2257.8814285714284,30000,5586.5,2442.5,295.1,8324.0,ad_platform_export,weekly,2023-08-01 09:00:00
2023-07-31,2023-08-06,West,Apparel,7152.08,2264.1785714285716,17000,5494.5,2632.2,187.3,8314.1,ad_platform_export,weekly,2023-08-08 09:00:00
2023-08-07,2023-08-13,West,Apparel,7093.3,2242.6657142857143,13000,5273.7,2388.4,135.0,7797.200000000001,ad_platform_export,weekly,2023-08-15 09:00:00
2023-08-14,2023-08-20,West,Apparel,7052.93,2240.924285714286,22000,5285.0,2415.7,219.0,7919.7,ad_platform_export,weekly,2023-08-22 09:00:00
2023-08-21,2023-08-27,West,Apparel,6870.12,2208.7714285714287,13000,5205.7,2523.5,126.69999999999999,7856.0,ad_platform_export,weekly,2023-08-29 09:00:00
2023-08-28,2023-09-03,West,Apparel,6850.8,2160.8728571428574,26000,5220.0,2532.2,267.5,8019.8,ad_platform_export,weekly,2023-09-05 09:00:00
2023-09-04,2023-09-10,West,Apparel,20029.58,5535.935714285714,18000,4939.0,3694.4,180.1,8813.7,ad_platform_export,weekly,2023-09-12 09:00:00
2023-09-11,2023-09-17,West,Apparel,19629.05,6275.098571428572,22000,4880.1,3895.7,221.7,8997.7,ad_platform_export,weekly,2023-09-19 09:00:00
2023-09-18,2023-09-24,West,Apparel,19094.86,6418.915714285715,24000,4644.7,3980.7,258.5,8884.1,ad_platform_export,weekly,2023-09-26 09:00:00
2023-09-25,2023-10-01,West,Apparel,6827.53,2602.7485714285717,17000,4518.1,2762.9,171.7,7453.0,ad_platform_export,weekly,2023-10-03 09:00:00
2023-10-02,2023-10-08,West,Apparel,11640.57,3342.9514285714286,14000,4452.6,3366.3,144.4,7963.2,ad_platform_export,weekly,2023-10-10 09:00:00
2023-10-09,2023-10-15,West,Apparel,7749.620000000001,2786.684285714286,15000,4360.9,2870.3,152.7,7383.7,ad_platform_export,weekly,2023-10-17 09:00:00
2023-10-16,2023-10-22,West,Apparel,11024.869999999999,3044.06,22000,4445.0,3097.4,223.6,7766.1,ad_platform_export,weekly,2023-10-24 09:00:00
2023-10-23,2023-10-29,West,Apparel,11333.22,4007.8414285714284,17000,4339.9,3403.0,167.2,7910.1,ad_platform_export,weekly,2023-10-31 09:00:00
2023-10-30,2023-11-05,West,Apparel,6691.97,2178.3,14000,4446.1,2531.2999999999997,142.0,7119.4,ad_platform_export,weekly,2023-11-07 09:00:00
2023-11-06,2023-11-12,West,Apparel,7003.93,2213.462857142857,25000,4952.2,2438.1,243.0,7633.200000000001,ad_platform_export,weekly,2023-11-14 09:00:00
2023-11-13,2023-11-19,West,Apparel,7512.9800000000005,2346.0800000000004,25000,6058.3,2544.0,243.0,8845.2,ad_platform_export,weekly,2023-11-21 09:00:00
2023-11-20,2023-11-26,West,Apparel,7821.74,2479.8542857142857,21000,6674.9,2449.7,217.20000000000002,9341.7,ad_platform_export,weekly,2023-11-28 09:00:00
2023-11-27,2023-12-03,West,Apparel,17792.13,4670.13,17000,6341.9,3415.6,177.0,9934.6,ad_platform_export,weekly,2023-12-05 09:00:00
2023-12-04,2023-12-10,West,Apparel,28862.129999999997,9127.82,31000,5404.3,4278.9,312.3,9995.5,ad_platform_export,weekly,2023-12-12 09:00:00
2023-12-11,2023-12-17,West,Apparel,9246.91,4002.0142857142855,26000,4741.6,3137.9,273.2,8152.9,ad_platform_export,weekly,2023-12-19 09:00:00
2023-12-18,2023-12-24,West,Apparel,6633.06,2127.3171428571427,17000,4124.3,2704.0,164.3,6992.7,ad_platform_export,weekly,2023-12-26 09:00:00
2023-12-25,2023-12-31,West,Apparel,16227.44,4550.5142857142855,21000,4090.3,3725.1,199.5,8015.0,ad_platform_export,weekly,2024-01-02 09:00:00
2024-01-01,2024-01-07,West,Apparel,11309.24,4144.074285714286,30000,3862.7,3597.6,295.9,7756.2,ad_platform_export,weekly,2024-01-09 09:00:00
2024-01-08,2024-01-14,West,Apparel,6659.93,2161.1457142857143,27000,3938.0,2565.3,272.8,6776.2,ad_platform_export,weekly,2024-01-16 09:00:00
2024-01-15,2024-01-21,West,Apparel,6466.39,2051.5299999999997,25000,4134.2,2494.3,256.4,6884.8,ad_platform_export,weekly,2024-01-23 09:00:00
2024-01-22,2024-01-28,West,Apparel,6260.7,1995.8457142857144,27000,4196.9,2480.5,268.3,6945.4,ad_platform_export,weekly,2024-01-30 09:00:00
2024-01-29,2024-02-04,West,Apparel,12648.36,3481.335714285714,19000,4245.2,3054.7,185.4,7485.4,ad_platform_export,weekly,2024-02-06 09:00:00
2024-02-05,2024-02-11,West,Apparel,14143.8,4829.292857142857,21000,4173.0,3675.2,193.10000000000002,8041.4,ad_platform_export,weekly,2024-02-13 09:00:00
2024-02-12,2024-02-18,West,Apparel,6898.99,2354.904285714286,25000,4339.3,2762.6,263.6,7365.2,ad_platform_export,weekly,2024-02-20 09:00:00
2024-02-19,2024-02-25,West,Apparel,6763.139999999999,2166.0800000000004,16000,4352.5,2531.8,154.6,7038.9,ad_platform_export,weekly,2024-02-27 09:00:00
2024-02-26,2024-03-03,West,Apparel,6814.24,2156.1857142857143,26000,4339.6,2489.7,265.4,7094.9,ad_platform_export,weekly,2024-03-05 09:00:00
2024-03-04,2024-03-10,West,Apparel,6598.37,2109.7614285714285,24000,4686.5,2475.6,240.5,7402.7,ad_platform_export,weekly,2024-03-12 09:00:00
2024-03-11,2024-03-17,West,Apparel,6817.33,2148.5457142857144,22000,4632.1,2634.3,224.9,7491.1,ad_platform_export,weekly,2024-03-19 09:00:00
2024-03-18,2024-03-24,West,Apparel,6905.02,2193.9785714285713,18000,4833.3,2506.5,180.79999999999998,7520.7,ad_platform_export,weekly,2024-03-26 09:00:00
2024-03-25,2024-03-31,West,Apparel,17721.0,4943.782857142856,22000,4715.5,3553.0,222.2,8490.9,ad_platform_export,weekly,2024-04-02 09:00:00
2024-04-01,2024-04-07,West,Apparel,15919.68,5514.401428571428,16000,5242.6,3745.5,156.5,9144.3,ad_platform_export,weekly,2024-04-09 09:00:00
2024-04-08,2024-04-14,West,Apparel,7288.12,2523.907142857143,16000,5098.5,2732.6,162.70000000000002,7993.5,ad_platform_export,weekly,2024-04-16 09:00:00
2024-04-15,2024-04-21,West,Apparel,7062.2,2251.7028571428573,24000,5090.2,2497.6,237.0,7824.5,ad_platform_export,weekly,2024-04-23 09:00:00
2024-04-22,2024-04-28,West,Apparel,7249.43,2267.095714285714,23000,5102.6,2596.6,228.60000000000002,7928.1,ad_platform_export,weekly,2024-04-30 09:00:00
2024-04-29,2024-05-05,West,Apparel,14853.9,4254.221428571428,13000,5432.6,3479.4,131.60000000000002,9043.7,ad_platform_export,weekly,2024-05-07 09:00:00
2024-05-06,2024-05-12,West,Apparel,13688.63,4674.167142857143,25000,5354.9,3521.8,240.60000000000002,9117.2,ad_platform_export,weekly,2024-05-14 09:00:00
2024-05-13,2024-05-19,West,Apparel,7281.610000000001,2448.085714285714,19000,5969.6,2703.9,189.9,8863.5,ad_platform_export,weekly,2024-05-21 09:00:00
2024-05-20,2024-05-26,West,Apparel,14256.72,4023.8942857142856,24000,5600.4,3148.3,226.9,8975.6,ad_platform_export,weekly,2024-05-28 09:00:00
2024-05-27,2024-06-02,West,Apparel,9842.95,3635.5800000000004,25000,5549.6,3100.3,272.7,8922.699999999999,ad_platform_export,weekly,2024-06-04 09:00:00
2024-06-03,2024-06-09,West,Apparel,12820.77,3487.154285714286,19000,5660.1,2897.0,206.2,8763.3,ad_platform_export,weekly,2024-06-11 09:00:00
2024-06-10,2024-06-16,West,Apparel,12693.06,4539.992857142857,22000,5708.3,3294.9,218.20000000000002,9221.6,ad_platform_export,weekly,2024-06-18 09:00:00
2024-06-17,2024-06-23,West,Apparel,7283.17,2376.9357142857143,31000,5618.8,2524.5,309.0,8452.3,ad_platform_export,weekly,2024-06-25 09:00:00
2024-06-24,2024-06-30,West,Apparel,7032.24,2245.0442857142857,18000,5782.6,2480.4,188.6,8451.6,ad_platform_export,weekly,2024-07-02 09:00:00
2024-07-01,2024-07-07,West,Apparel,7040.8,2229.5114285714285,25000,5508.4,2490.4,256.1,8254.6,ad_platform_export,weekly,2024-07-09 09:00:00
2024-07-08,2024-07-14,West,Apparel,15227.38,4266.534285714286,11000,5726.9,3410.3,111.69999999999999,9248.9,ad_platform_export,weekly,2024-07-16 09:00:00
2024-07-15,2024-07-21,West,Apparel,15147.949999999999,5165.794285714285,24000,5674.2,3653.6,244.20000000000002,9572.3,ad_platform_export,weekly,2024-07-23 09:00:00
2024-07-22,2024-07-28,West,Apparel,7247.49,2518.941428571429,20000,5775.6,2696.7,194.6,8666.9,ad_platform_export,weekly,2024-07-30 09:00:00
2024-07-29,2024-08-04,West,Apparel,8790.470000000001,2495.0342857142855,22000,5549.6,2655.0,215.6,8420.5,ad_platform_export,weekly,2024-08-06 09:00:00
2024-08-05,2024-08-11,West,Apparel,19490.47,5801.522857142858,19000,5452.1,3838.1,193.9,9484.2,ad_platform_export,weekly,2024-08-13 09:00:00
2024-08-12,2024-08-18,West,Apparel,10724.93,4046.747142857143,19000,5350.8,3231.2000000000003,196.9,8778.8,ad_platform_export,weekly,2024-08-20 09:00:00
2024-08-19,2024-08-25,West,Apparel,7142.83,2307.7328571428575,16000,5354.3,2432.9,164.0,7951.5,ad_platform_export,weekly,2024-08-27 09:00:00
2024-08-26,2024-09-01,West,Apparel,16840.87,4105.871428571429,24000,5069.7,3080.5,241.0,8391.3,ad_platform_export,weekly,2024-09-03 09:00:00
2024-09-02,2024-09-08,West,Apparel,31982.4,10407.367142857143,20000,4995.6,4567.6,199.10000000000002,9762.4,ad_platform_export,weekly,2024-09-10 09:00:00
2024-09-09,2024-09-15,West,Apparel,7103.450000000001,3218.4900000000002,14000,4737.8,3041.7,137.9,7917.3,ad_platform_export,weekly,2024-09-17 09:00:00
2024-09-16,2024-09-22,West,Apparel,6605.16,2148.347142857143,14000,4776.7,2588.1,146.2,7511.0,ad_platform_export,weekly,2024-09-24 09:00:00
2024-09-23,2024-09-29,West,Apparel,7056.89,2212.7285714285713,23000,4634.2,2554.3,233.0,7421.6,ad_platform_export,weekly,2024-10-01 09:00:00
2024-09-30,2024-10-06,West,Apparel,14208.69,4063.835714285714,18000,4619.1,3456.5,192.20000000000002,8267.9,ad_platform_export,weekly,2024-10-08 09:00:00
2024-10-07,2024-10-13,West,Apparel,13237.81,4091.9857142857145,26000,4378.0,3453.8,252.20000000000002,8084.1,ad_platform_export,weekly,2024-10-15 09:00:00
2024-10-14,2024-10-20,West,Apparel,19027.85,5941.038571428571,20000,4326.5,3855.9,196.9,8379.4,ad_platform_export,weekly,2024-10-22 09:00:00
2024-10-21,2024-10-27,West,Apparel,6958.7,2866.058571428571,13000,4593.2,2911.2,127.30000000000001,7631.8,ad_platform_export,weekly,2024-10-29 09:00:00
2024-10-28,2024-11-03,West,Apparel,6585.78,2112.242857142857,29000,4594.8,2489.2,268.8,7352.9,ad_platform_export,weekly,2024-11-05 09:00:00
2024-11-04,2024-11-10,West,Apparel,6969.22,2187.022857142857,20000,5043.8,2606.8,201.5,7852.0,ad_platform_export,weekly,2024-11-12 09:00:00
2024-11-11,2024-11-17,West,Apparel,7287.54,2300.337142857143,13000,5885.9,2469.8,125.3,8481.3,ad_platform_export,weekly,2024-11-19 09:00:00
2024-11-18,2024-11-24,West,Apparel,7752.54,2429.0014285714283,28000,6663.3,2467.5,279.5,9410.3,ad_platform_export,weekly,2024-11-26 09:00:00
2024-11-25,2024-12-01,West,Apparel,7889.29,2517.3814285714284,21000,6549.7,2606.0,225.8,9381.7,ad_platform_export,weekly,2024-12-03 09:00:00
2024-12-02,2024-12-08,West,Apparel,7318.960000000001,2346.905714285714,24000,5938.7,2503.1,237.8,8679.6,ad_platform_export,weekly,2024-12-10 09:00:00
2024-12-09,2024-12-15,West,Apparel,6919.48,2199.8185714285714,14000,4840.5,2530.2,142.4,7513.1,ad_platform_export,weekly,2024-12-17 09:00:00
2024-12-16,2024-12-22,West,Apparel,6618.31,2140.707142857143,18000,4327.9,2565.3,178.6,7071.900000000001,ad_platform_export,weekly,2024-12-24 09:00:00
2024-12-23,2024-12-29,West,Apparel,6143.47,1960.6514285714286,21000,4150.8,2456.7,219.9,6827.5,ad_platform_export,weekly,2024-12-31 09:00:00
2024-12-30,2025-01-05,West,Apparel,872.86,1979.35,2000,526.0,350.8,20.5,897.4,ad_platform_export,weekly,2025-01-07 09:00:00
2024-11-25,2024-12-01,West,Beauty,259.54,259.54,1084,682.0,115.1,36.8,833.8,ad_platform_export,weekly,2024-12-03 09:00:00
2024-12-02,2024-12-08,West,Beauty,1816.7800000000002,259.54,7303,4912.4,1157.4,204.2,6274.1,ad_platform_export,weekly,2024-12-10 09:00:00
2024-12-09,2024-12-15,West,Beauty,1816.7800000000002,259.54,5912,4663.1,1166.0,244.10000000000002,6073.6,ad_platform_export,weekly,2024-12-17 09:00:00
2024-12-16,2024-12-22,West,Beauty,1816.7800000000002,259.54,7323,4751.8,1117.7,243.0,6112.4,ad_platform_export,weekly,2024-12-24 09:00:00
2024-12-23,2024-12-29,West,Beauty,1816.7800000000002,259.54,5796,4529.1,1233.8,222.6,5985.5,ad_platform_export,weekly,2024-12-31 09:00:00
2024-12-30,2025-01-05,West,Beauty,259.54,259.54,1360,756.4,158.2,40.8,955.5,ad_platform_export,weekly,2025-01-07 09:00:00
2022-12-26,2023-01-01,West,Electronics,590.79,590.79,2000,738.0,103.9,41.8,883.7,ad_platform_export,weekly,2023-01-03 09:00:00
2023-01-02,2023-01-08,West,Electronics,7801.52,1877.5657142857142,10000,4563.9,1746.6,181.9,6492.6,ad_platform_export,weekly,2023-01-10 09:00:00
2023-01-09,2023-01-15,West,Electronics,15971.67,4882.478571428571,19000,4216.6,3203.1000000000004,316.40000000000003,7736.5,ad_platform_export,weekly,2023-01-17 09:00:00
2023-01-16,2023-01-22,West,Electronics,5793.59,2493.075714285714,21000,3774.1,2067.5,325.5,6167.1,ad_platform_export,weekly,2023-01-24 09:00:00
2023-01-23,2023-01-29,West,Electronics,4196.49,1342.9714285714285,26000,3448.9,1387.9,380.3,5216.7,ad_platform_export,weekly,2023-01-31 09:00:00
2023-01-30,2023-02-05,West,Electronics,7208.94,1950.1914285714286,12000,3202.4,1827.6999999999998,156.5,5187.0,ad_platform_export,weekly,2023-02-07 09:00:00
2023-02-06,2023-02-12,West,Electronics,11397.05,3551.5299999999997,20000,2773.8,2637.0,211.60000000000002,5622.3,ad_platform_export,weekly,2023-02-14 09:00:00
2023-02-13,2023-02-19,West,Electronics,5107.59,2020.35,23000,2621.3,1881.5,231.8,4734.7,ad_platform_export,weekly,2023-02-21 09:00:00
2023-02-20,2023-02-26,West,Electronics,4261.18,1344.7314285714288,24000,2723.5,1323.7,258.8,4305.8,ad_platform_export,weekly,2023-02-28 09:00:00
2023-02-27,2023-03-05,West,Electronics,4343.86,1379.75,17000,2820.0,1423.5,174.7,4418.1,ad_platform_export,weekly,2023-03-07 09:00:00
2023-03-06,2023-03-12,West,Electronics,4426.530000000001,1397.0571428571427,29000,2840.4,1401.0,265.5,4507.1,ad_platform_export,weekly,2023-03-14 09:00:00
2023-03-13,2023-03-19,West,Electronics,4446.96,1397.3342857142857,19000,2736.0,1413.7,182.0,4331.8,ad_platform_export,weekly,2023-03-21 09:00:00
2023-03-20,2023-03-26,West,Electronics,6571.95,1873.5900000000001,18000,2978.8,1760.2,168.20000000000002,4907.4,ad_platform_export,weekly,2023-03-28 09:00:00
2023-03-27,2023-04-02,West,Electronics,6587.22,2290.5242857142857,19000,3024.7,2019.8,192.9,5237.4,ad_platform_export,weekly,2023-04-04 09:00:00
2023-04-03,2023-04-09,West,Electronics,4154.860000000001,1353.3757142857144,23000,3116.6,1329.1000000000001,240.9,4686.6,ad_platform_export,weekly,2023-04-11 09:00:00
2023-04-10,2023-04-16,West,Electronics,4412.0,1376.9314285714286,22000,3165.2,1291.4,214.6,4671.2,ad_platform_export,weekly,2023-04-18 09:00:00
2023-04-17,2023-04-23,West,Electronics,4441.36,1429.5457142857142,22000,3126.8,1386.0,227.7,4740.5,ad_platform_export,weekly,2023-04-25 09:00:00
2023-04-24,2023-04-30,West,Electronics,4451.08,1416.197142857143,31000,3211.3999999999996,1337.1,302.7,4851.5,ad_platform_export,weekly,2023-05-02 09:00:00
2023-05-01,2023-05-07,West,Electronics,5838.65,1632.3057142857142,22000,3408.6,1487.9,218.60000000000002,5115.3,ad_platform_export,weekly,2023-05-09 09:00:00
2023-05-08,2023-05-14,West,Electronics,13088.13,3900.117142857143,16000,3382.9,2680.6,155.9,6219.5,ad_platform_export,weekly,2023-05-16 09:00:00
2023-05-15,2023-05-21,West,Electronics,5446.25,2025.702857142857,26000,3353.7,1737.5,268.6,5359.9,ad_platform_export,weekly,2023-05-23 09:00:00
2023-05-22,2023-05-28,West,Electronics,10456.53,3166.0600000000004,26000,3333.7,2265.9,258.8,5858.6,ad_platform_export,weekly,2023-05-30 09:00:00
2023-05-29,2023-06-04,West,Electronics,4725.29,1796.5442857142857,12000,3393.0,1528.5,122.4,5043.7,ad_platform_export,weekly,2023-06-06 09:00:00
2023-06-05,2023-06-11,West,Electronics,4510.66,1453.44,17000,3427.9,1292.7,166.9,4887.5,ad_platform_export,weekly,2023-06-13 09:00:00
2023-06-12,2023-06-18,West,Electronics,4563.88,1453.8057142857142,17000,3456.4,1367.7,187.5,5011.6,ad_platform_export,weekly,2023-06-20 09:00:00
2023-06-19,2023-06-25,West,Electronics,4690.42,1484.9285714285713,13000,3460.2,1373.1,125.3,4958.7,ad_platform_export,weekly,2023-06-27 09:00:00
2023-06-26,2023-07-02,West,Electronics,4823.1900000000005,1519.8942857142858,25000,3419.7,1453.5,243.89999999999998,5117.0,ad_platform_export,weekly,2023-07-04 09:00:00
2023-07-03,2023-07-09,West,Electronics,4540.26,1452.1942857142858,19000,3452.6,1377.6,199.1,5029.1,ad_platform_export,weekly,2023-07-11 09:00:00
2023-07-10,2023-07-16,West,Electronics,4704.07,1497.1485714285716,19000,3457.7,1392.6,187.7,5037.9,ad_platform_export,weekly,2023-07-18 09:00:00
2023-07-17,2023-07-23,West,Electronics,4638.19,1468.2214285714285,19000,3352.3,1357.8,183.8,4893.9,ad_platform_export,weekly,2023-07-25 09:00:00
2023-07-24,2023-07-30,West,Electronics,4806.81,1507.357142857143,15000,3424.8,1403.3,159.9,4988.0,ad_platform_export,weekly,2023-08-01 09:00:00
2023-07-31,2023-08-06,West,Electronics,12219.01,3411.9785714285717,22000,3393.4,2438.5,208.70000000000002,6040.8,ad_platform_export,weekly,2023-08-08 09:00:00
2023-08-07,2023-08-13,West,Electronics,10665.810000000001,3724.7557142857145,25000,3207.8,2493.7,242.2,5943.5,ad_platform_export,weekly,2023-08-15 09:00:00
2023-08-14,2023-08-20,West,Electronics,4674.62,1625.3714285714286,24000,3263.7,1530.1,245.60000000000002,5039.5,ad_platform_export,weekly,2023-08-22 09:00:00
2023-08-21,2023-08-27,West,Electronics,4499.89,1428.2342857142855,20000,3096.2,1474.6,199.1,4770.0,ad_platform_export,weekly,2023-08-29 09:00:00
2023-08-28,2023-09-03,West,Electronics,4331.62,1406.3385714285716,41000,3095.4,1372.3,412.0,4879.7,ad_platform_export,weekly,2023-09-05 09:00:00
2023-09-04,2023-09-10,West,Electronics,4524.51,1429.2485714285715,19000,3075.4,1395.3,200.6,4671.2,ad_platform_export,weekly,2023-09-12 09:00:00
2023-09-11,2023-09-17,West,Electronics,4442.45,1405.8242857142857,24000,2979.7,1464.2,230.2,4674.0,ad_platform_export,weekly,2023-09-19 09:00:00
2023-09-18,2023-09-24,West,Electronics,4469.25,1415.3057142857142,26000,2933.3,1394.2,241.8,4569.5,ad_platform_export,weekly,2023-09-26 09:00:00
2023-09-25,2023-10-01,West,Electronics,4310.25,1383.3414285714284,21000,2889.4,1369.2,221.0,4479.6,ad_platform_export,weekly,2023-10-03 09:00:00
2023-10-02,2023-10-08,West,Electronics,4469.67,1407.532857142857,19000,2872.0,1436.9,192.5,4501.6,ad_platform_export,weekly,2023-10-10 09:00:00
2023-10-09,2023-10-15,West,Electronics,4335.64,1385.5071428571428,18000,2769.8,1411.4,181.2,4362.6,ad_platform_export,weekly,2023-10-17 09:00:00
2023-10-16,2023-10-22,West,Electronics,9195.84,2563.094285714286,17000,2806.6,2118.0,163.7,5088.2,ad_platform_export,weekly,2023-10-24 09:00:00
2023-10-23,2023-10-29,West,Electronics,6841.47,2494.672857142857,11000,2663.6,2172.5,112.7,4949.1,ad_platform_export,weekly,2023-10-31 09:00:00
2023-10-30,2023-11-05,West,Electronics,4374.75,1417.3728571428571,17000,2738.2,1414.0,172.2,4324.3,ad_platform_export,weekly,2023-11-07 09:00:00
2023-11-06,2023-11-12,West,Electronics,4375.37,1383.282857142857,28000,3142.1,1356.7,287.4,4786.099999999999,ad_platform_export,weekly,2023-11-14 09:00:00
2023-11-13,2023-11-19,West,Electronics,4634.37,1452.0385714285715,17000,3605.3,1332.9,162.0,5100.3,ad_platform_export,weekly,2023-11-21 09:00:00
2023-11-20,2023-11-26,West,Electronics,14369.7,3895.5400000000004,15000,4088.1,2547.5,142.5,6778.5,ad_platform_export,weekly,2023-11-28 09:00:00
2023-11-27,2023-12-03,West,Electronics,13466.08,4676.931428571429,19000,3871.8,2731.3,199.79999999999998,6802.7,ad_platform_export,weekly,2023-12-05 09:00:00
2023-12-04,2023-12-10,West,Electronics,4536.16,1709.3457142857144,24000,3464.7,1493.3,246.70000000000002,5204.9,ad_platform_export,weekly,2023-12-12 09:00:00
2023-12-11,2023-12-17,West,Electronics,4498.54,1443.6871428571428,21000,2997.0,1487.8,219.1,4703.9,ad_platform_export,weekly,2023-12-19 09:00:00
2023-12-18,2023-12-24,West,Electronics,4205.65,1350.0385714285715,24000,2610.5,1340.4,250.9,4201.8,ad_platform_export,weekly,2023-12-26 09:00:00
2023-12-25,2023-12-31,West,Electronics,4201.1,1334.9085714285716,16000,2353.5,1438.1,166.2,3958.1,ad_platform_export,weekly,2024-01-02 09:00:00
2024-01-01,2024-01-07,West,Electronics,4067.5,1282.0614285714287,20000,2390.7,1336.9,209.0,3936.4,ad_platform_export,weekly,2024-01-09 09:00:00
2024-01-08,2024-01-14,West,Electronics,4130.49,1316.6957142857143,19000,2456.4,1333.9,187.6,3977.8,ad_platform_export,weekly,2024-01-16 09:00:00
2024-01-15,2024-01-21,West,Electronics,5874.12,1672.03,17000,2492.8,1629.4,171.7,4293.8,ad_platform_export,weekly,2024-01-23 09:00:00
2024-01-22,2024-01-28,West,Electronics,5883.61,2049.96,19000,2532.4,1887.2,188.2,4608.0,ad_platform_export,weekly,2024-01-30 09:00:00
2024-01-29,2024-02-04,West,Electronics,4193.5,1337.7614285714285,26000,2552.9,1526.3,256.1,4335.4,ad_platform_export,weekly,2024-02-06 09:00:00
2024-02-05,2024-02-11,West,Electronics,3993.14,1290.58,18000,2541.3,1387.6,177.6,4106.6,ad_platform_export,weekly,2024-02-13 09:00:00
2024-02-12,2024-02-18,West,Electronics,8597.53,2468.4314285714286,18000,2758.3,2241.1,198.20000000000002,5197.7,ad_platform_export,weekly,2024-02-20 09:00:00
2024-02-19,2024-02-25,West,Electronics,6127.450000000001,2164.8171428571427,17000,2736.5,1855.4,180.0,4771.9,ad_platform_export,weekly,2024-02-27 09:00:00
2024-02-26,2024-03-03,West,Electronics,4316.75,1382.7914285714285,22000,2797.4,1410.7,213.3,4421.3,ad_platform_export,weekly,2024-03-05 09:00:00
2024-03-04,2024-03-10,West,Electronics,4373.73,1374.9642857142858,27000,2848.9,1363.4,256.9,4469.1,ad_platform_export,weekly,2024-03-12 09:00:00
2024-03-11,2024-03-17,West,Electronics,4439.83,1417.9271428571428,27000,2836.6,1415.3,239.3,4491.2,ad_platform_export,weekly,2024-03-19 09:00:00
2024-03-18,2024-03-24,West,Electronics,4309.07,1382.707142857143,35000,2967.9,1341.9,360.2,4669.8,ad_platform_export,weekly,2024-03-26 09:00:00
2024-03-25,2024-03-31,West,Electronics,4564.99,1424.2114285714285,15000,3029.4,1416.5,126.4,4572.2,ad_platform_export,weekly,2024-04-02 09:00:00
2024-04-01,2024-04-07,West,Electronics,4387.65,1403.217142857143,19000,3035.1,1394.8,192.8,4622.9,ad_platform_export,weekly,2024-04-09 09:00:00
2024-04-08,2024-04-14,West,Electronics,7862.12,2239.1142857142854,15000,3118.0,1885.4,153.2,5156.3,ad_platform_export,weekly,2024-04-16 09:00:00
2024-04-15,2024-04-21,West,Electronics,5853.19,2099.33,22000,3152.9,1777.3,223.1,5153.3,ad_platform_export,weekly,2024-04-23 09:00:00
2024-04-22,2024-04-28,West,Electronics,4605.22,1467.42,25000,3288.2,1379.8,258.7,4926.7,ad_platform_export,weekly,2024-04-30 09:00:00
2024-04-29,2024-05-05,West,Electronics,16765.69,4662.197142857142,25000,3289.4,2914.7,251.8,6456.1,ad_platform_export,weekly,2024-05-07 09:00:00
2024-05-06,2024-05-12,West,Electronics,8073.87,3187.9628571428575,14000,3432.1,2222.1,129.8,5784.2,ad_platform_export,weekly,2024-05-14 09:00:00
2024-05-13,2024-05-19,West,Electronics,4585.24,1492.1228571428571,19000,3343.6,1406.9,177.5,4927.9,ad_platform_export,weekly,2024-05-21 09:00:00
2024-05-20,2024-05-26,West,Electronics,4681.07,1465.8771428571429,17000,3372.6,1407.3,169.1,4949.2,ad_platform_export,weekly,2024-05-28 09:00:00
2024-05-27,2024-06-02,West,Electronics,4508.57,1446.2242857142858,19000,3407.2,1368.3,185.2,4960.9,ad_platform_export,weekly,2024-06-04 09:00:00
2024-06-03,2024-06-09,West,Electronics,6758.16,1793.4557142857143,21000,3446.3,1531.3,220.7,5198.0,ad_platform_export,weekly,2024-06-11 09:00:00
2024-06-10,2024-06-16,West,Electronics,18995.53,5585.524285714286,26000,3434.1,3018.3,268.0,6720.299999999999,ad_platform_export,weekly,2024-06-18 09:00:00
2024-06-17,2024-06-23,West,Electronics,8906.54,3559.848571428571,26000,3488.3,2415.3,242.2,6145.8,ad_platform_export,weekly,2024-06-25 09:00:00
2024-06-24,2024-06-30,West,Electronics,4753.73,1571.8600000000001,20000,3444.0,1445.8,202.2,5091.7,ad_platform_export,weekly,2024-07-02 09:00:00
2024-07-01,2024-07-07,West,Electronics,4471.76,1430.7785714285715,14000,3383.8,1369.8,145.79999999999998,4899.4,ad_platform_export,weekly,2024-07-09 09:00:00
2024-07-08,2024-07-14,West,Electronics,4854.29,1532.195714285714,21000,3461.1,1430.1,212.7,5103.7,ad_platform_export,weekly,2024-07-16 09:00:00
2024-07-15,2024-07-21,West,Electronics,4618.05,1472.1499999999999,15000,3466.4,1460.3,164.3,5091.1,ad_platform_export,weekly,2024-07-23 09:00:00
2024-07-22,2024-07-28,West,Electronics,8819.69,2397.405714285714,24000,3375.2,1892.3,232.2,5499.8,ad_platform_export,weekly,2024-07-30 09:00:00
2024-07-29,2024-08-04,West,Electronics,18795.82,5706.5257142857145,16000,3391.9,3221.0,163.9,6776.8,ad_platform_export,weekly,2024-08-06 09:00:00
2024-08-05,2024-08-11,West,Electronics,9592.72,3467.0071428571428,24000,3294.2,2370.7,245.0,5909.8,ad_platform_export,weekly,2024-08-13 09:00:00
2024-08-12,2024-08-18,West,Electronics,12532.77,3731.092857142857,17000,3284.9,2673.6,172.3,6130.7,ad_platform_export,weekly,2024-08-20 09:00:00
2024-08-19,2024-08-25,West,Electronics,7943.13,2978.7871428571425,33000,3151.1,2408.2,321.8,5880.9,ad_platform_export,weekly,2024-08-27 09:00:00
2024-08-26,2024-09-01,West,Electronics,4705.3,1514.967142857143,23000,2984.2,1490.3,247.4,4721.9,ad_platform_export,weekly,2024-09-03 09:00:00
2024-09-02,2024-09-08,West,Electronics,4553.79,1449.4557142857143,13000,2933.6,1465.0,135.5,4534.0,ad_platform_export,weekly,2024-09-10 09:00:00
2024-09-09,2024-09-15,West,Electronics,11441.55,3217.4171428571426,21000,3016.2,2301.5,211.5,5529.0,ad_platform_export,weekly,2024-09-17 09:00:00
2024-09-16,2024-09-22,West,Electronics,10117.08,3501.85,23000,2951.6,2559.3,230.5,5741.4,ad_platform_export,weekly,2024-09-24 09:00:00
2024-09-23,2024-09-29,West,Electronics,4325.45,1515.6828571428573,23000,2941.6,1477.5,223.4,4642.4,ad_platform_export,weekly,2024-10-01 09:00:00
2024-09-30,2024-10-06,West,Electronics,7443.87,2089.792857142857,17000,2781.7,1798.8,181.8,4762.2,ad_platform_export,weekly,2024-10-08 09:00:00
2024-10-07,2024-10-13,West,Electronics,6619.97,2358.1357142857146,12000,2713.8,1973.0,127.8,4814.7,ad_platform_export,weekly,2024-10-15 09:00:00
2024-10-14,2024-10-20,West,Electronics,4158.02,1338.0785714285714,20000,2656.0,1361.8,212.3,4230.1,ad_platform_export,weekly,2024-10-22 09:00:00
2024-10-21,2024-10-27,West,Electronics,6412.8,1848.6742857142858,18000,2712.1,1766.0,186.6,4664.7,ad_platform_export,weekly,2024-10-29 09:00:00
2024-10-28,2024-11-03,West,Electronics,6483.35,2219.27,22000,2766.3,1938.2,210.5,4915.1,ad_platform_export,weekly,2024-11-05 09:00:00
2024-11-04,2024-11-10,West,Electronics,4551.13,1453.2814285714285,15000,3048.9,1386.8,148.1,4583.9,ad_platform_export,weekly,2024-11-12 09:00:00
2024-11-11,2024-11-17,West,Electronics,4660.16,1480.3685714285714,25000,3631.4,1396.6,254.9,5282.8,ad_platform_export,weekly,2024-11-19 09:00:00
2024-11-18,2024-11-24,West,Electronics,4891.72,1543.652857142857,21000,3977.1,1346.0,223.1,5546.2,ad_platform_export,weekly,2024-11-26 09:00:00
2024-11-25,2024-12-01,West,Electronics,4892.94,1538.5342857142857,22000,3927.2,1318.3,221.7,5467.2,ad_platform_export,weekly,2024-12-03 09:00:00
2024-12-02,2024-12-08,West,Electronics,4861.39,1554.6614285714284,16000,3658.2,1390.0,162.9,5210.9,ad_platform_export,weekly,2024-12-10 09:00:00
2024-12-09,2024-12-15,West,Electronics,5279.05,1546.197142857143,12000,2997.1,1486.9,119.8,4603.8,ad_platform_export,weekly,2024-12-17 09:00:00
2024-12-16,2024-12-22,West,Electronics,10606.25,3180.9085714285716,18000,2730.3,2495.9,175.60000000000002,5401.8,ad_platform_export,weekly,2024-12-24 09:00:00
2024-12-23,2024-12-29,West,Electronics,4843.46,1887.9957142857145,20000,2444.8,1750.9,196.5,4392.2,ad_platform_export,weekly,2024-12-31 09:00:00
2024-12-30,2025-01-05,West,Electronics,634.17,1375.15,5000,325.3,213.6,41.0,579.8,ad_platform_export,weekly,2025-01-07 09:00:00
2022-12-26,2023-01-01,West,Home,745.76,745.76,5000,938.8,125.6,97.3,1161.7,ad_platform_export,weekly,2023-01-03 09:00:00
2023-01-02,2023-01-08,West,Home,5256.07,1496.1642857142856,8000,5409.5,1387.2,142.4,6939.1,ad_platform_export,weekly,2023-01-10 09:00:00
2023-01-09,2023-01-15,West,Home,26793.21,7338.348571428572,27000,4761.1,3029.8,443.0,8234.2,ad_platform_export,weekly,2023-01-17 09:00:00
2023-01-16,2023-01-22,West,Home,18999.34,6816.75,17000,4395.5,3083.3,238.4,7717.099999999999,ad_platform_export,weekly,2023-01-24 09:00:00
2023-01-23,2023-01-29,West,Home,18251.489999999998,5559.211428571428,11000,3954.3,2576.6,131.7,6662.6,ad_platform_export,weekly,2023-01-31 09:00:00
2023-01-30,2023-02-05,West,Home,10311.15,3837.2571428571428,23000,3848.5,2376.7,269.5,6494.9,ad_platform_export,weekly,2023-02-07 09:00:00
2023-02-06,2023-02-12,West,Home,5322.33,1751.8285714285714,23000,3836.4,1521.6,271.5,5629.4,ad_platform_export,weekly,2023-02-14 09:00:00
2023-02-13,2023-02-19,West,Home,5262.96,1677.8642857142856,20000,3682.1,1484.8,230.8,5398.0,ad_platform_export,weekly,2023-02-21 09:00:00
2023-02-20,2023-02-26,West,Home,9929.79,2507.1700000000005,19000,3539.0,1752.1,203.2,5494.3,ad_platform_export,weekly,2023-02-28 09:00:00
2023-02-27,2023-03-05,West,Home,22281.18,6769.634285714286,26000,3362.4,2891.0,253.7,6507.0,ad_platform_export,weekly,2023-03-07 09:00:00
2023-03-06,2023-03-12,West,Home,23242.65,7316.382857142858,17000,3398.5,3124.2,172.5,6695.4,ad_platform_export,weekly,2023-03-14 09:00:00
2023-03-13,2023-03-19,West,Home,20739.9,7031.048571428572,22000,3492.9,3103.3,227.8,6824.1,ad_platform_export,weekly,2023-03-21 09:00:00
2023-03-20,2023-03-26,West,Home,5305.49,2220.2314285714283,27000,3641.8,1692.7,256.4,5590.6,ad_platform_export,weekly,2023-03-28 09:00:00
2023-03-27,2023-04-02,West,Home,5489.57,1745.052857142857,17000,3628.0,1471.2,167.6,5267.1,ad_platform_export,weekly,2023-04-04 09:00:00
2023-04-03,2023-04-09,West,Home,5378.47,1740.222857142857,26000,3774.9,1507.0,271.4,5553.4,ad_platform_export,weekly,2023-04-11 09:00:00
2023-04-10,2023-04-16,West,Home,5626.16,1743.827142857143,19000,3986.9,1502.1,191.5,5680.4,ad_platform_export,weekly,2023-04-18 09:00:00
2023-04-17,2023-04-23,West,Home,5394.84,1735.467142857143,20000,3932.3,1484.9,191.2,5608.2,ad_platform_export,weekly,2023-04-25 09:00:00
2023-04-24,2023-04-30,West,Home,5672.26,1781.682857142857,28000,3967.0,1512.8,272.2,5751.9,ad_platform_export,weekly,2023-05-02 09:00:00
2023-05-01,2023-05-07,West,Home,13324.75,3431.217142857143,22000,4000.0,2016.6,214.4,6230.8,ad_platform_export,weekly,2023-05-09 09:00:00
2023-05-08,2023-05-14,West,Home,15936.57,5697.844285714285,13000,4077.4,2601.6,130.3,6809.1,ad_platform_export,weekly,2023-05-16 09:00:00
2023-05-15,2023-05-21,West,Home,5476.98,1918.6000000000001,20000,4269.5,1500.0,192.5,5962.1,ad_platform_export,weekly,2023-05-23 09:00:00
2023-05-22,2023-05-28,West,Home,5759.58,1811.4271428571428,18000,4230.3,1432.0,180.4,5842.8,ad_platform_export,weekly,2023-05-30 09:00:00
2023-05-29,2023-06-04,West,Home,5822.84,1833.3314285714284,24000,4310.9,1448.1,241.1,6000.0,ad_platform_export,weekly,2023-06-06 09:00:00
2023-06-05,2023-06-11,West,Home,5730.78,1823.9928571428572,19000,4212.7,1481.8,186.7,5881.1,ad_platform_export,weekly,2023-06-13 09:00:00
2023-06-12,2023-06-18,West,Home,5672.92,1809.6771428571428,25000,4374.8,1462.8,243.9,6081.6,ad_platform_export,weekly,2023-06-20 09:00:00
2023-06-19,2023-06-25,West,Home,17587.11,4680.851428571428,29000,4346.6,2479.0,296.1,7121.8,ad_platform_export,weekly,2023-06-27 09:00:00
2023-06-26,2023-07-02,West,Home,19184.36,6359.158571428571,11000,4367.5,2854.2,107.1,7328.700000000001,ad_platform_export,weekly,2023-07-04 09:00:00
2023-07-03,2023-07-09,West,Home,5923.37,2488.3885714285716,25000,4356.0,1774.3999999999999,244.6,6374.9,ad_platform_export,weekly,2023-07-11 09:00:00
2023-07-10,2023-07-16,West,Home,5959.48,1907.0114285714285,20000,4116.3,1528.7,196.8,5841.9,ad_platform_export,weekly,2023-07-18 09:00:00
2023-07-17,2023-07-23,West,Home,5594.3,1799.5928571428572,26000,4333.8,1437.8,258.4,6029.8,ad_platform_export,weekly,2023-07-25 09:00:00
2023-07-24,2023-07-30,West,Home,5790.3099999999995,1808.6914285714286,17000,4112.6,1458.2,168.3,5739.1,ad_platform_export,weekly,2023-08-01 09:00:00
2023-07-31,2023-08-06,West,Home,5849.0,1870.962857142857,25000,4201.5,1467.7,262.5,5931.7,ad_platform_export,weekly,2023-08-08 09:00:00
2023-08-07,2023-08-13,West,Home,5654.75,1797.5157142857145,21000,4079.2,1468.6,218.0,5765.9,ad_platform_export,weekly,2023-08-15 09:00:00
2023-08-14,2023-08-20,West,Home,5851.94,1849.017142857143,25000,4104.4,1520.8,256.1,5881.3,ad_platform_export,weekly,2023-08-22 09:00:00
2023-08-21,2023-08-27,West,Home,5583.16,1794.3942857142858,21000,3954.9,1478.9,198.0,5632.1,ad_platform_export,weekly,2023-08-29 09:00:00
2023-08-28,2023-09-03,West,Home,5551.76,1737.75,23000,3905.6,1477.4,230.2,5613.0,ad_platform_export,weekly,2023-09-05 09:00:00
2023-09-04,2023-09-10,West,Home,5539.51,1768.4771428571428,19000,3795.4,1492.3,190.9,5478.4,ad_platform_export,weekly,2023-09-12 09:00:00
2023-09-11,2023-09-17,West,Home,5349.9,1714.4771428571428,15000,3715.3,1452.5,147.5,5315.5,ad_platform_export,weekly,2023-09-19 09:00:00
2023-09-18,2023-09-24,West,Home,5424.92,1718.1157142857141,24000,3593.1,1509.1,239.4,5341.5,ad_platform_export,weekly,2023-09-26 09:00:00
2023-09-25,2023-10-01,West,Home,5510.23,1741.28,28000,3633.0,1503.6,264.4,5401.3,ad_platform_export,weekly,2023-10-03 09:00:00
2023-10-02,2023-10-08,West,Home,5392.01,1725.857142857143,24000,3452.8,1531.8,229.5,5213.9,ad_platform_export,weekly,2023-10-10 09:00:00
2023-10-09,2023-10-15,West,Home,5357.53,1697.8557142857142,20000,3291.3,1516.2,198.6,5006.2,ad_platform_export,weekly,2023-10-17 09:00:00
2023-10-16,2023-10-22,West,Home,5459.79,1740.922857142857,22000,3253.2,1562.6,225.9,5041.7,ad_platform_export,weekly,2023-10-24 09:00:00
2023-10-23,2023-10-29,West,Home,5011.53,1596.4228571428573,16000,3229.6,1471.1,156.9,4857.7,ad_platform_export,weekly,2023-10-31 09:00:00
2023-10-30,2023-11-05,West,Home,18779.46,4911.777142857143,16000,3313.8,2595.5,168.1,6077.4,ad_platform_export,weekly,2023-11-07 09:00:00
2023-11-06,2023-11-12,West,Home,18525.89,6197.992857142856,27000,3858.4,2723.4,275.8,6857.5,ad_platform_export,weekly,2023-11-14 09:00:00
2023-11-13,2023-11-19,West,Home,6012.5,2585.3342857142857,16000,4502.2,1746.8,166.5,6415.5,ad_platform_export,weekly,2023-11-21 09:00:00
2023-11-20,2023-11-26,West,Home,6054.23,1932.287142857143,13000,4987.9,1416.5,121.2,6525.7,ad_platform_export,weekly,2023-11-28 09:00:00
2023-11-27,2023-12-03,West,Home,6117.16,1952.4157142857143,13000,4966.7,1531.7,130.3,6628.6,ad_platform_export,weekly,2023-12-05 09:00:00
2023-12-04,2023-12-10,West,Home,10340.54,2796.497142857143,19000,4332.3,1873.1,190.5,6395.9,ad_platform_export,weekly,2023-12-12 09:00:00
2023-12-11,2023-12-17,West,Home,11848.26,4170.398571428572,22000,3740.7,2467.3,226.7,6434.5,ad_platform_export,weekly,2023-12-19 09:00:00
2023-12-18,2023-12-24,West,Home,5285.22,1767.0128571428572,19000,3144.7,1601.3,187.7,4933.7,ad_platform_export,weekly,2023-12-26 09:00:00
2023-12-25,2023-12-31,West,Home,19992.67,5434.614285714286,23000,3002.0,2718.1,241.3,5961.4,ad_platform_export,weekly,2024-01-02 09:00:00
2024-01-01,2024-01-07,West,Home,12767.45,4892.745714285715,18000,2938.1,2571.0,186.9,5696.0,ad_platform_export,weekly,2024-01-09 09:00:00
2024-01-08,2024-01-14,West,Home,4909.12,1664.304285714286,10000,2979.0,1502.3,99.7,4581.0,ad_platform_export,weekly,2024-01-16 09:00:00
2024-01-15,2024-01-21,West,Home,5951.57,1744.9857142857145,19000,2966.6,1559.0,182.4,4708.1,ad_platform_export,weekly,2024-01-23 09:00:00
2024-01-22,2024-01-28,West,Home,11152.21,3358.5642857142857,21000,3040.2,2232.5,225.5,5498.3,ad_platform_export,weekly,2024-01-30 09:00:00
2024-01-29,2024-02-04,West,Home,6002.82,2222.2242857142855,23000,3024.5,1757.8999999999999,239.79999999999998,5022.1,ad_platform_export,weekly,2024-02-06 09:00:00
2024-02-05,2024-02-11,West,Home,5308.37,1690.8242857142857,15000,3173.4,1486.9,148.6,4809.1,ad_platform_export,weekly,2024-02-13 09:00:00
2024-02-12,2024-02-18,West,Home,15050.77,4249.831428571429,20000,3261.6,2357.2,205.7,5824.3,ad_platform_export,weekly,2024-02-20 09:00:00
2024-02-19,2024-02-25,West,Home,9494.98,3480.457142857143,20000,3380.7,2210.8,187.5,5778.9,ad_platform_export,weekly,2024-02-27 09:00:00
2024-02-26,2024-03-03,West,Home,5391.6900000000005,1760.1357142857144,17000,3399.9,1568.2,181.9,5149.8,ad_platform_export,weekly,2024-03-05 09:00:00
2024-03-04,2024-03-10,West,Home,5337.96,1704.0514285714287,22000,3535.0,1447.4,202.5,5184.9,ad_platform_export,weekly,2024-03-12 09:00:00
2024-03-11,2024-03-17,West,Home,5233.45,1666.2671428571427,21000,3484.3999999999996,1466.7,213.7,5164.8,ad_platform_export,weekly,2024-03-19 09:00:00
2024-03-18,2024-03-24,West,Home,5438.91,1696.8914285714286,14000,3569.5,1372.6,141.6,5083.7,ad_platform_export,weekly,2024-03-26 09:00:00
2024-03-25,2024-03-31,West,Home,5306.57,1691.2985714285714,18000,3839.2,1432.1,178.3,5449.8,ad_platform_export,weekly,2024-04-02 09:00:00
2024-04-01,2024-04-07,West,Home,5572.05,1762.8185714285714,19000,3902.7999999999997,1448.0,186.70000000000002,5537.7,ad_platform_export,weekly,2024-04-09 09:00:00
2024-04-08,2024-04-14,West,Home,5530.32,1780.74,17000,3748.0,1500.1,163.3,5411.4,ad_platform_export,weekly,2024-04-16 09:00:00
2024-04-15,2024-04-21,West,Home,5372.88,1694.0442857142857,16000,3909.4,1397.2,165.8,5472.2,ad_platform_export,weekly,2024-04-23 09:00:00
2024-04-22,2024-04-28,West,Home,5720.12,1794.8285714285714,29000,3992.2,1434.9,289.9,5716.7,ad_platform_export,weekly,2024-04-30 09:00:00
2024-04-29,2024-05-05,West,Home,5584.18,1797.3528571428571,27000,4047.4,1473.3,262.3,5782.7,ad_platform_export,weekly,2024-05-07 09:00:00
2024-05-06,2024-05-12,West,Home,5643.74,1788.6242857142859,21000,4164.5,1429.4,208.0,5802.2,ad_platform_export,weekly,2024-05-14 09:00:00
2024-05-13,2024-05-19,West,Home,5588.96,1777.4642857142858,17000,4140.3,1403.9,177.6,5721.8,ad_platform_export,weekly,2024-05-21 09:00:00
2024-05-20,2024-05-26,West,Home,17106.97,4781.075714285714,19000,4167.3,2417.2,192.29999999999998,6776.9,ad_platform_export,weekly,2024-05-28 09:00:00
2024-05-27,2024-06-02,West,Home,12508.67,4479.708571428571,13000,4308.4,2379.9,130.0,6818.1,ad_platform_export,weekly,2024-06-04 09:00:00
2024-06-03,2024-06-09,West,Home,13255.45,3695.7457142857143,16000,4214.1,2121.4,157.3,6492.8,ad_platform_export,weekly,2024-06-11 09:00:00
2024-06-10,2024-06-16,West,Home,16777.86,5579.404285714286,21000,4344.8,2714.8,203.1,7262.6,ad_platform_export,weekly,2024-06-18 09:00:00
2024-06-17,2024-06-23,West,Home,5673.45,2187.432857142857,19000,4394.4,1630.1,189.8,6214.2,ad_platform_export,weekly,2024-06-25 09:00:00
2024-06-24,2024-06-30,West,Home,5675.91,1790.3757142857144,14000,4471.8,1368.8,146.3,5986.8,ad_platform_export,weekly,2024-07-02 09:00:00
2024-07-01,2024-07-07,West,Home,5655.61,1787.2414285714287,29000,4245.4,1477.5,282.7,6005.6,ad_platform_export,weekly,2024-07-09 09:00:00
2024-07-08,2024-07-14,West,Home,10655.86,3123.404285714286,27000,4196.7,2063.6,273.9,6534.4,ad_platform_export,weekly,2024-07-16 09:00:00
2024-07-15,2024-07-21,West,Home,8543.71,2955.0885714285714,25000,4121.4,1937.3,232.79999999999998,6291.6,ad_platform_export,weekly,2024-07-23 09:00:00
2024-07-22,2024-07-28,West,Home,5508.3,1776.48,11000,4277.2,1422.6,114.0,5813.7,ad_platform_export,weekly,2024-07-30 09:00:00
2024-07-29,2024-08-04,West,Home,9475.59,2444.747142857143,17000,4080.2000000000003,1681.0,171.4,5932.5,ad_platform_export,weekly,2024-08-06 09:00:00
2024-08-05,2024-08-11,West,Home,22652.4,6975.078571428572,23000,4138.3,2819.3,200.20000000000002,7157.7,ad_platform_export,weekly,2024-08-13 09:00:00
2024-08-12,2024-08-18,West,Home,5423.4400000000005,2502.5271428571427,25000,3984.4,1814.5,246.6,6045.3,ad_platform_export,weekly,2024-08-20 09:00:00
2024-08-19,2024-08-25,West,Home,5672.55,1815.5542857142857,19000,3804.6,1419.9,189.9,5414.3,ad_platform_export,weekly,2024-08-27 09:00:00
2024-08-26,2024-09-01,West,Home,5442.88,1728.4071428571428,21000,3955.9,1421.4,214.5,5591.7,ad_platform_export,weekly,2024-09-03 09:00:00
2024-09-02,2024-09-08,West,Home,5546.15,1772.3185714285714,15000,3755.4,1512.7,162.5,5430.4,ad_platform_export,weekly,2024-09-10 09:00:00
2024-09-09,2024-09-15,West,Home,5410.42,1720.3500000000001,28000,3690.9,1507.1,276.8,5474.8,ad_platform_export,weekly,2024-09-17 09:00:00
2024-09-16,2024-09-22,West,Home,13138.11,3585.7871428571425,24000,3673.1,2127.0,254.0,6054.3,ad_platform_export,weekly,2024-09-24 09:00:00
2024-09-23,2024-09-29,West,Home,13533.17,4674.692857142857,20000,3556.2,2596.3,186.0,6338.7,ad_platform_export,weekly,2024-10-01 09:00:00
2024-09-30,2024-10-06,West,Home,5167.09,1854.0157142857145,24000,3532.5,1549.6,231.5,5313.5,ad_platform_export,weekly,2024-10-08 09:00:00
2024-10-07,2024-10-13,West,Home,23005.78,6323.648571428572,26000,3564.7999999999997,2779.7,275.5,6620.0,ad_platform_export,weekly,2024-10-15 09:00:00
2024-10-14,2024-10-20,West,Home,7945.0,3465.2314285714283,27000,3313.2,2067.5,271.2,5651.9,ad_platform_export,weekly,2024-10-22 09:00:00
2024-10-21,2024-10-27,West,Home,5273.76,1706.197142857143,20000,3256.7,1494.6,199.3,4950.5,ad_platform_export,weekly,2024-10-29 09:00:00
2024-10-28,2024-11-03,West,Home,5204.59,1649.8728571428571,26000,3331.1,1500.2,272.2,5103.4,ad_platform_export,weekly,2024-11-05 09:00:00
2024-11-04,2024-11-10,West,Home,5639.39,1781.75,24000,3731.1,1546.0,241.1,5518.3,ad_platform_export,weekly,2024-11-12 09:00:00
2024-11-11,2024-11-17,West,Home,14312.78,3889.471428571429,28000,4479.8,2188.2,273.8,6941.6,ad_platform_export,weekly,2024-11-19 09:00:00
2024-11-18,2024-11-24,West,Home,11352.15,4124.172857142857,18000,4720.2,2266.9,173.8,7160.9,ad_platform_export,weekly,2024-11-26 09:00:00
2024-11-25,2024-12-01,West,Home,5885.49,1979.55,29000,4966.5,1513.1,296.6,6776.3,ad_platform_export,weekly,2024-12-03 09:00:00
2024-12-02,2024-12-08,West,Home,5479.35,1754.047142857143,24000,4387.1,1400.4,244.7,6032.3,ad_platform_export,weekly,2024-12-10 09:00:00
2024-12-09,2024-12-15,West,Home,6646.29,1971.1257142857141,23000,3622.6,1584.4,229.9,5437.1,ad_platform_export,weekly,2024-12-17 09:00:00
2024-12-16,2024-12-22,West,Home,7634.12,2522.3328571428574,21000,3261.0,1890.6,201.9,5353.599999999999,ad_platform_export,weekly,2024-12-24 09:00:00
2024-12-23,2024-12-29,West,Home,5149.47,1705.8014285714287,21000,2985.1,1482.9,201.6,4669.5,ad_platform_export,weekly,2024-12-31 09:00:00
2024-12-30,2025-01-05,West,Home,683.11,1544.93,4000,432.9,184.9,36.2,654.0,ad_platform_export,weekly,2025-01-07 09:00:00
